,FOETUS_BORN,GENDER,UNHEALTHY_FOETUS
0,42,1,3
1,23,1,24
2,177,2,7
3,225,1,24
4,170,1,7
5,33,2,11
6,209,2,18
7,154,2,1
8,91,1,15
9,264,1,0
10,200,2,16
11,59,1,1
12,182,2,17
13,42,1,4
14,225,1,7
15,16,1,18
16,108,1,19
17,191,1,19
18,10,2,0
19,149,2,27
20,182,1,16
21,229,2,9
22,251,2,20
23,15,1,22
24,12,2,20
25,145,1,26
26,76,1,22
27,41,1,0
28,146,2,22
29,246,1,20
30,186,2,16
31,202,1,25
32,175,1,19
33,33,1,17
34,109,2,15
35,115,1,13
36,106,2,28
37,36,2,20
38,148,2,2
39,54,2,2
40,20,1,11
41,129,2,20
42,114,1,28
43,256,2,1
44,113,1,1
45,101,2,3
46,65,1,23
47,99,2,7
48,218,1,28
49,95,1,5
50,268,1,26
51,280,2,19
52,139,1,28
53,122,2,2
54,279,1,13
55,5,2,26
56,215,1,12
57,169,2,14
58,16,2,28
59,89,1,0
60,112,2,0
61,48,1,4
62,221,2,12
63,28,2,19
64,276,1,28
65,137,1,6
66,22,2,13
67,101,1,19
68,13,1,13
69,44,1,1
70,258,1,0
71,152,1,10
72,136,2,8
73,232,1,20
74,220,2,26
75,33,1,9
76,265,2,22
77,158,1,9
78,114,1,15
79,174,1,26
80,26,1,0
81,38,2,10
82,169,1,16
83,34,1,17
84,279,2,11
85,181,2,16
86,280,2,18
87,146,1,17
88,112,2,28
89,174,1,5
90,75,1,21
91,220,1,27
92,142,2,10
93,67,2,12
94,49,2,1
95,3,1,7
96,53,2,1
97,93,2,27
98,172,1,18
99,26,2,16
100,163,1,22
101,201,1,27
102,51,1,27
103,42,1,2
104,52,2,4
105,65,2,24
106,100,2,4
107,139,2,6
108,221,2,19
109,73,2,8
110,58,1,18
111,72,2,0
112,42,1,11
113,189,1,3
114,151,2,12
115,124,2,23
116,163,1,28
117,169,1,11
118,98,1,10
119,28,1,7
120,97,2,20
121,150,2,24
122,152,1,1
123,208,1,2
124,249,2,2
125,279,2,15
126,59,2,9
127,272,2,17
128,27,1,24
129,192,2,8
130,49,2,0
131,98,2,18
132,108,2,26
133,200,1,0
134,208,2,19
135,245,1,21
136,252,1,26
137,168,1,20
138,60,2,24
139,273,1,13
140,63,1,9
141,28,2,7
142,119,1,3
143,33,1,25
144,206,1,19
145,34,2,5
146,73,2,16
147,54,2,24
148,242,1,14
149,43,1,13
150,155,2,8
151,46,1,25
152,150,1,13
153,92,1,21
154,92,2,11
155,229,1,9
156,33,1,9
157,191,2,24
158,75,2,3
159,182,1,3
160,85,1,16
161,148,1,25
162,250,2,5
163,172,1,20
164,203,1,1
165,125,2,25
166,23,2,19
167,132,1,15
168,33,2,21
169,220,1,20
170,238,1,25
171,168,2,13
172,239,2,8
173,248,1,3
174,150,2,7
175,226,2,17
176,8,1,3
177,117,2,15
178,224,2,2
179,170,2,16
180,137,1,11
181,56,2,12
182,69,2,22
183,146,1,20
184,38,2,20
185,7,2,17
186,109,1,9
187,139,2,16
188,246,1,1
189,163,1,24
190,233,1,1
191,177,2,14
192,259,2,14
193,42,2,2
194,125,1,1
195,2,1,25
196,138,1,24
197,241,1,18
198,112,1,27
199,70,1,2
200,153,2,22
201,36,1,28
202,172,2,6
203,30,1,26
204,22,2,3
205,204,1,6
206,226,1,24
207,24,1,14
208,129,1,4
209,90,1,22
210,139,1,5
211,114,2,10
212,251,1,17
213,146,1,5
214,170,1,20
215,31,2,20
216,256,2,10
217,260,1,2
218,186,1,8
219,240,2,21
220,41,2,23
221,60,2,25
222,203,1,4
223,258,2,2
224,2,1,4
225,150,2,17
226,238,2,0
227,99,1,1
228,97,1,25
229,53,2,5
230,28,2,9
231,124,2,26
232,173,1,27
233,109,2,1
234,113,2,2
235,242,1,6
236,27,2,7
237,18,2,4
238,158,2,19
239,265,1,16
240,255,1,12
241,53,1,17
242,49,1,21
243,59,2,5
244,189,1,15
245,71,2,15
246,207,2,0
247,50,2,2
248,151,2,19
249,49,1,20
250,249,2,8
251,256,2,23
252,149,1,27
253,107,2,21
254,177,1,2
255,253,1,4
256,241,1,18
257,236,1,18
258,102,2,0
259,27,1,5
260,134,1,21
261,176,2,3
262,264,2,5
263,126,1,19
264,138,1,18
265,256,1,24
266,99,1,8
267,129,1,19
268,224,1,22
269,171,2,20
270,159,2,16
271,121,2,17
272,153,2,14
273,197,1,10
274,95,2,26
275,150,1,22
276,75,2,2
277,140,2,3
278,201,2,5
279,274,2,28
280,3,1,27
281,40,2,3
282,34,1,24
283,132,1,3
284,9,2,10
285,204,1,2
286,187,1,8
287,60,2,11
288,109,1,12
289,64,1,9
290,197,1,26
291,55,1,27
292,174,2,16
293,105,1,5
294,260,1,9
295,110,2,21
296,51,1,25
297,261,2,17
298,106,2,10
299,80,2,9
300,36,2,0
301,1,2,7
302,238,2,14
303,21,2,13
304,12,1,0
305,68,2,17
306,184,2,12
307,65,1,19
308,150,2,2
309,208,1,0
310,248,1,0
311,160,2,21
312,220,1,5
313,263,2,15
314,50,1,26
315,235,1,5
316,34,1,12
317,56,1,6
318,244,2,22
319,191,2,6
320,91,1,6
321,132,1,8
322,91,1,21
323,150,1,11
324,131,2,27
325,156,1,24
326,74,2,28
327,67,1,0
328,226,1,27
329,55,2,1
330,249,2,24
331,237,1,21
332,46,1,17
333,109,1,25
334,11,1,12
335,87,1,20
336,187,1,25
337,152,1,23
338,124,1,18
339,139,1,21
340,48,1,15
341,141,1,11
342,134,1,28
343,153,1,9
344,153,1,8
345,185,2,23
346,253,2,16
347,94,2,16
348,278,2,15
349,102,1,21
350,118,1,12
351,199,2,25
352,9,1,8
353,242,1,26
354,39,1,19
355,97,1,12
356,41,1,3
357,59,2,16
358,64,2,6
359,6,1,10
360,150,2,27
361,102,1,16
362,16,2,22
363,124,2,18
364,56,1,2
365,83,2,24
366,0,2,2
367,27,2,11
368,18,1,8
369,63,1,27
370,198,2,28
371,121,1,1
372,17,2,25
373,159,1,10
374,43,1,14
375,267,2,0
376,156,1,13
377,258,1,16
378,63,1,12
379,165,2,1
380,245,1,0
381,55,2,25
382,244,1,3
383,101,1,2
384,218,2,14
385,142,2,6
386,252,1,15
387,247,2,11
388,35,2,12
389,165,1,26
390,267,2,21
391,81,1,12
392,155,2,0
393,188,1,24
394,137,1,6
395,223,2,21
396,112,2,15
397,220,1,7
398,249,1,27
399,36,2,7
400,5,1,16
401,172,2,18
402,171,1,27
403,129,1,17
404,212,1,6
405,176,2,19
406,4,2,20
407,69,2,28
408,21,1,22
409,168,1,17
410,150,2,20
411,150,2,19
412,275,2,4
413,220,2,26
414,113,2,12
415,177,1,22
416,24,1,7
417,173,2,1
418,161,2,26
419,97,1,28
420,191,2,22
421,121,1,25
422,193,1,25
423,161,2,6
424,147,2,21
425,157,2,19
426,22,1,2
427,118,2,4
428,178,1,9
429,186,2,16
430,182,2,18
431,81,1,7
432,41,1,22
433,99,2,22
434,37,1,25
435,128,2,27
436,194,2,24
437,208,1,13
438,144,2,13
439,5,2,16
440,232,2,7
441,107,1,27
442,104,2,26
443,13,1,23
444,7,2,3
445,7,2,18
446,129,2,15
447,55,2,7
448,195,1,11
449,102,2,23
450,107,1,2
451,279,2,19
452,144,1,6
453,239,1,0
454,242,1,3
455,255,1,8
456,65,2,20
457,89,2,14
458,26,2,15
459,270,1,7
460,89,1,2
461,93,1,19
462,205,1,16
463,245,2,11
464,87,1,3
465,93,1,4
466,279,2,2
467,191,1,23
468,25,2,11
469,85,1,20
470,165,2,16
471,42,2,21
472,44,1,18
473,12,2,22
474,151,2,24
475,266,1,12
476,250,2,4
477,136,1,24
478,51,2,23
479,152,2,14
480,231,2,28
481,267,1,0
482,270,1,4
483,177,2,27
484,270,2,22
485,96,1,28
486,59,1,1
487,252,2,17
488,263,2,9
489,84,1,15
490,218,2,21
491,190,2,19
492,116,1,3
493,165,1,25
494,97,2,20
495,67,2,24
496,266,1,1
497,278,2,23
498,256,2,22
499,222,2,11
500,37,1,2
501,51,2,23
502,157,1,3
503,41,2,5
504,135,2,23
505,26,1,16
506,125,1,2
507,176,2,5
508,8,2,14
509,85,1,18
510,183,1,11
511,2,2,10
512,65,2,28
513,188,2,24
514,269,2,1
515,46,1,0
516,247,2,24
517,201,2,9
518,188,1,17
519,45,1,25
520,220,1,4
521,43,2,23
522,4,1,0
523,96,1,3
524,175,2,28
525,197,1,15
526,90,2,7
527,12,2,24
528,265,2,20
529,242,1,25
530,164,2,19
531,74,1,18
532,144,1,18
533,277,2,20
534,18,2,19
535,192,2,6
536,220,1,0
537,250,2,26
538,6,2,28
539,56,2,21
540,4,2,27
541,216,2,6
542,122,1,24
543,275,1,16
544,68,1,5
545,124,1,26
546,124,2,22
547,19,1,10
548,211,1,22
549,114,1,2
550,63,2,20
551,135,2,24
552,154,1,1
553,31,2,22
554,60,2,11
555,163,2,25
556,186,2,0
557,21,2,20
558,198,2,0
559,61,1,18
560,122,1,25
561,15,2,20
562,100,2,16
563,101,2,7
564,189,2,6
565,253,1,3
566,112,1,9
567,132,1,2
568,50,1,26
569,32,2,14
570,124,2,22
571,75,2,20
572,259,2,18
573,40,2,4
574,130,1,13
575,131,1,24
576,0,1,22
577,62,2,1
578,118,1,11
579,29,2,1
580,12,1,18
581,254,1,4
582,33,1,22
583,229,2,21
584,133,1,6
585,147,1,15
586,15,2,6
587,261,1,18
588,144,2,14
589,81,2,21
590,261,2,22
591,109,1,20
592,167,1,14
593,237,2,3
594,116,1,15
595,38,2,18
596,223,1,15
597,137,2,1
598,268,2,16
599,216,2,17
600,122,1,4
601,96,2,23
602,196,1,0
603,63,2,21
604,235,2,27
605,251,2,18
606,251,2,18
607,142,1,0
608,254,2,25
609,99,1,24
610,96,1,27
611,276,1,0
612,246,2,26
613,249,1,12
614,20,1,14
615,21,2,22
616,269,2,25
617,98,2,10
618,132,2,0
619,130,2,26
620,229,1,28
621,81,1,3
622,277,1,8
623,131,1,28
624,15,2,17
625,60,2,2
626,170,2,25
627,0,2,23
628,171,2,1
629,205,1,6
630,274,1,28
631,188,2,9
632,129,2,3
633,58,1,27
634,55,2,10
635,151,2,4
636,257,1,13
637,246,1,10
638,205,2,9
639,194,1,11
640,154,1,17
641,147,1,5
642,239,1,1
643,21,2,0
644,42,1,9
645,96,2,22
646,280,1,15
647,226,1,5
648,261,1,0
649,47,2,24
650,228,1,0
651,253,2,20
652,134,1,22
653,155,2,22
654,155,1,5
655,33,2,6
656,68,1,19
657,224,1,20
658,145,2,2
659,149,2,27
660,262,2,13
661,232,2,0
662,144,1,4
663,16,2,0
664,17,2,11
665,259,1,26
666,99,1,11
667,262,2,19
668,0,2,11
669,260,1,21
670,93,2,12
671,47,1,19
672,189,2,18
673,118,1,19
674,244,2,7
675,149,1,27
676,241,2,6
677,158,1,28
678,115,2,15
679,116,1,16
680,29,1,5
681,29,2,3
682,191,1,26
683,34,1,17
684,95,1,22
685,112,1,1
686,226,1,21
687,207,1,16
688,263,2,25
689,18,1,12
690,107,2,7
691,7,2,8
692,77,1,21
693,21,2,1
694,122,2,25
695,263,2,24
696,155,1,19
697,145,1,7
698,106,2,10
699,195,1,12
700,68,2,23
701,208,2,20
702,65,2,24
703,98,1,16
704,224,2,2
705,278,1,15
706,140,1,17
707,256,1,16
708,97,1,16
709,153,2,28
710,261,1,1
711,64,1,3
712,174,2,17
713,246,2,2
714,148,2,10
715,40,1,2
716,245,2,16
717,55,2,23
718,54,1,12
719,254,2,0
720,217,1,0
721,50,2,9
722,196,2,23
723,159,2,8
724,146,1,18
725,200,1,17
726,34,2,4
727,14,1,3
728,185,1,7
729,163,2,11
730,26,2,14
731,46,1,5
732,1,1,8
733,133,1,8
734,27,1,11
735,12,2,17
736,128,1,21
737,33,1,25
738,271,1,26
739,116,2,14
740,213,2,20
741,73,1,26
742,227,1,18
743,84,1,16
744,239,2,27
745,23,2,17
746,132,1,7
747,174,1,23
748,261,2,23
749,97,1,26
750,62,1,5
751,79,2,8
752,106,2,6
753,19,1,21
754,106,1,23
755,97,2,20
756,121,1,2
757,203,2,21
758,221,2,9
759,152,1,5
760,225,1,16
761,100,2,28
762,138,2,23
763,108,1,27
764,34,2,28
765,141,2,14
766,165,2,9
767,15,1,14
768,116,1,11
769,0,1,11
770,18,2,20
771,171,2,5
772,65,2,8
773,126,1,17
774,92,1,3
775,23,2,20
776,258,2,0
777,266,1,25
778,251,1,22
779,111,1,21
780,65,1,22
781,277,1,12
782,218,1,12
783,208,1,4
784,41,1,7
785,31,1,13
786,272,1,0
787,277,2,0
788,256,1,10
789,171,2,19
790,239,2,12
791,211,1,12
792,49,1,10
793,151,2,14
794,145,1,0
795,250,1,1
796,141,1,18
797,78,2,11
798,63,1,24
799,101,2,27
800,153,1,24
801,69,1,2
802,178,2,11
803,213,2,22
804,161,1,23
805,100,1,12
806,132,2,9
807,170,1,1
808,2,1,27
809,158,1,1
810,144,1,12
811,54,2,4
812,144,2,9
813,273,1,15
814,96,1,10
815,121,1,21
816,85,1,3
817,98,1,2
818,249,2,1
819,191,1,21
820,38,1,6
821,38,1,0
822,220,1,5
823,217,2,18
824,56,1,14
825,106,1,1
826,126,2,2
827,36,1,5
828,95,2,14
829,61,1,3
830,269,2,4
831,18,2,0
832,186,2,17
833,53,2,13
834,266,1,18
835,212,2,9
836,155,1,28
837,120,1,12
838,154,2,25
839,191,1,19
840,61,1,13
841,146,1,4
842,70,2,11
843,157,1,17
844,8,2,25
845,167,1,0
846,110,2,10
847,216,1,20
848,42,1,17
849,272,1,22
850,10,1,22
851,91,2,2
852,14,1,10
853,231,2,0
854,215,1,2
855,49,2,10
856,269,1,28
857,127,2,7
858,117,1,7
859,273,2,8
860,188,2,23
861,212,2,21
862,237,1,18
863,64,2,5
864,156,2,12
865,1,2,13
866,237,1,9
867,160,2,25
868,230,1,5
869,190,1,26
870,79,2,14
871,247,1,5
872,76,2,12
873,116,1,26
874,225,2,7
875,240,1,15
876,247,2,14
877,109,1,21
878,56,2,9
879,186,1,25
880,241,1,18
881,137,2,11
882,259,1,7
883,94,1,9
884,65,2,8
885,209,1,4
886,59,1,16
887,96,1,8
888,205,1,5
889,28,1,19
890,185,1,25
891,273,2,13
892,32,2,18
893,49,1,5
894,15,1,6
895,123,1,25
896,81,2,1
897,165,1,5
898,280,2,25
899,175,1,3
900,268,2,8
901,79,1,22
902,4,1,17
903,89,1,22
904,139,2,7
905,184,2,9
906,224,2,14
907,149,2,3
908,217,2,8
909,17,2,25
910,279,2,6
911,1,2,11
912,183,1,17
913,6,1,4
914,182,2,14
915,238,1,1
916,57,1,20
917,110,2,14
918,235,2,7
919,131,1,28
920,120,2,11
921,15,2,13
922,123,2,1
923,17,2,28
924,183,1,1
925,269,1,12
926,51,1,28
927,272,2,10
928,127,1,21
929,104,1,0
930,12,1,27
931,196,1,22
932,237,2,12
933,26,1,8
934,258,1,14
935,172,1,22
936,170,1,7
937,84,2,22
938,36,2,2
939,218,2,26
940,62,1,9
941,173,1,21
942,111,1,13
943,216,2,15
944,96,1,20
945,15,1,25
946,151,1,24
947,121,1,4
948,30,2,17
949,22,1,2
950,267,2,27
951,78,1,24
952,130,1,3
953,227,2,27
954,72,2,28
955,101,2,15
956,54,2,8
957,118,2,28
958,83,2,8
959,70,1,6
960,17,1,17
961,223,1,21
962,64,1,8
963,25,1,11
964,119,2,17
965,164,1,13
966,204,2,19
967,277,1,10
968,47,1,9
969,83,2,13
970,114,1,23
971,81,1,20
972,162,2,13
973,264,2,13
974,279,1,0
975,250,1,4
976,170,2,6
977,201,2,28
978,166,1,6
979,262,2,20
980,68,1,26
981,30,2,10
982,148,2,11
983,24,1,25
984,151,1,19
985,128,1,8
986,126,1,1
987,42,2,9
988,30,1,20
989,226,1,9
990,161,1,15
991,241,1,4
992,3,2,8
993,4,1,26
994,241,1,10
995,4,1,14
996,42,1,5
997,183,2,28
998,47,1,10
999,91,2,17
1000,32,1,20
1001,88,1,20
1002,149,1,7
1003,146,1,22
1004,203,1,18
1005,90,2,0
1006,168,2,24
1007,81,1,23
1008,256,1,5
1009,207,1,20
1010,99,2,7
1011,158,2,20
1012,98,1,19
1013,162,2,0
1014,198,1,12
1015,2,1,4
1016,252,2,19
1017,261,1,2
1018,38,1,27
1019,255,2,22
1020,103,2,16
1021,3,2,1
1022,77,1,17
1023,221,1,18
1024,102,1,5
1025,124,2,24
1026,150,2,12
1027,266,2,15
1028,82,2,20
1029,208,2,1
1030,226,2,27
1031,5,2,14
1032,257,2,8
1033,132,1,7
1034,131,2,18
1035,279,2,15
1036,114,2,2
1037,158,1,11
1038,215,2,28
1039,16,1,15
1040,12,1,12
1041,74,1,15
1042,62,1,22
1043,154,2,18
1044,211,1,18
1045,83,2,4
1046,56,1,1
1047,151,1,5
1048,37,2,10
1049,86,1,27
1050,44,1,5
1051,145,2,27
1052,179,2,22
1053,162,2,16
1054,65,1,6
1055,179,2,0
1056,113,1,0
1057,4,1,10
1058,165,2,27
1059,113,1,14
1060,3,2,28
1061,221,1,17
1062,251,2,12
1063,256,1,4
1064,97,2,26
1065,126,2,21
1066,130,2,18
1067,175,1,28
1068,43,2,2
1069,102,2,18
1070,76,2,13
1071,184,2,28
1072,64,2,6
1073,231,1,17
1074,124,2,18
1075,144,2,22
1076,135,2,0
1077,166,2,1
1078,233,2,27
1079,77,2,15
1080,118,1,8
1081,67,2,16
1082,2,1,7
1083,192,2,28
1084,195,1,28
1085,185,2,3
1086,116,2,11
1087,26,1,14
1088,49,1,6
1089,280,2,22
1090,30,1,2
1091,141,2,26
1092,112,2,9
1093,124,2,11
1094,145,2,25
1095,71,1,15
1096,170,1,4
1097,0,1,28
1098,100,2,17
1099,57,2,13
1100,94,2,27
1101,278,2,10
1102,28,1,8
1103,203,1,2
1104,13,1,20
1105,167,2,24
1106,53,2,7
1107,240,2,8
1108,57,1,10
1109,34,1,3
1110,214,1,23
1111,13,1,28
1112,249,1,20
1113,251,1,11
1114,101,1,9
1115,259,2,13
1116,212,1,19
1117,87,2,7
1118,32,1,15
1119,167,2,13
1120,167,2,20
1121,160,2,22
1122,74,2,3
1123,163,1,16
1124,41,1,13
1125,260,2,14
1126,226,2,28
1127,79,2,5
1128,201,2,27
1129,183,1,12
1130,258,1,10
1131,8,2,23
1132,221,2,6
1133,10,2,8
1134,214,1,24
1135,175,1,20
1136,131,2,18
1137,265,2,14
1138,127,2,24
1139,157,1,12
1140,103,1,18
1141,229,1,27
1142,210,2,18
1143,207,1,23
1144,15,1,19
1145,84,2,9
1146,190,2,11
1147,192,2,26
1148,144,2,0
1149,96,1,27
1150,52,1,2
1151,229,1,12
1152,195,1,25
1153,34,1,21
1154,65,2,24
1155,208,1,19
1156,112,2,8
1157,177,1,12
1158,82,2,12
1159,236,2,22
1160,17,2,11
1161,3,1,14
1162,28,1,0
1163,74,2,13
1164,106,1,15
1165,140,2,28
1166,70,1,21
1167,224,2,8
1168,150,1,2
1169,198,1,13
1170,29,2,17
1171,2,1,23
1172,87,2,1
1173,16,1,6
1174,269,2,8
1175,72,1,25
1176,238,1,21
1177,156,1,26
1178,6,1,19
1179,272,1,10
1180,217,2,7
1181,83,1,1
1182,195,1,2
1183,238,2,19
1184,44,2,11
1185,197,1,11
1186,209,1,15
1187,39,1,26
1188,138,2,0
1189,152,2,1
1190,89,1,5
1191,28,1,24
1192,155,1,12
1193,45,1,17
1194,203,1,6
1195,103,1,0
1196,168,2,28
1197,111,1,21
1198,276,2,23
1199,83,1,4
1200,251,1,24
1201,133,1,2
1202,76,1,2
1203,159,2,19
1204,157,1,4
1205,195,2,16
1206,153,1,11
1207,8,1,19
1208,179,2,27
1209,20,2,7
1210,125,1,18
1211,126,2,26
1212,4,1,13
1213,233,1,28
1214,260,1,15
1215,193,1,3
1216,269,1,18
1217,158,1,3
1218,153,1,20
1219,219,2,11
1220,210,1,26
1221,206,2,12
1222,146,2,18
1223,253,1,0
1224,127,1,1
1225,81,2,18
1226,231,2,18
1227,134,2,7
1228,85,1,24
1229,175,1,18
1230,234,1,8
1231,81,1,9
1232,67,2,11
1233,175,1,3
1234,30,1,22
1235,116,1,0
1236,256,2,9
1237,85,1,2
1238,69,1,15
1239,11,2,0
1240,80,2,5
1241,216,1,3
1242,250,1,24
1243,117,2,7
1244,78,2,16
1245,203,2,4
1246,74,1,19
1247,253,1,27
1248,15,1,13
1249,99,1,0
1250,270,2,26
1251,55,1,14
1252,160,1,19
1253,211,2,2
1254,38,1,10
1255,188,1,4
1256,279,2,23
1257,116,1,19
1258,271,2,15
1259,150,2,15
1260,178,2,19
1261,118,1,6
1262,196,1,18
1263,185,2,18
1264,86,2,5
1265,213,1,2
1266,113,1,1
1267,193,2,19
1268,76,2,28
1269,239,2,24
1270,138,1,27
1271,112,1,28
1272,262,1,26
1273,7,2,13
1274,276,1,25
1275,161,2,14
1276,46,1,8
1277,188,1,7
1278,114,1,2
1279,278,2,8
1280,237,1,1
1281,25,2,17
1282,227,1,26
1283,169,2,19
1284,59,1,25
1285,143,2,12
1286,274,1,6
1287,42,2,20
1288,192,2,0
1289,171,1,2
1290,190,2,14
1291,216,2,4
1292,145,1,10
1293,11,1,26
1294,108,2,23
1295,14,2,17
1296,84,1,19
1297,255,1,26
1298,190,2,28
1299,198,2,16
1300,271,2,19
1301,273,1,2
1302,56,1,22
1303,242,1,25
1304,212,2,16
1305,152,2,28
1306,142,1,10
1307,73,2,5
1308,18,1,14
1309,181,1,12
1310,221,1,17
1311,44,1,13
1312,210,2,5
1313,49,1,19
1314,248,2,9
1315,43,2,1
1316,188,2,26
1317,229,2,12
1318,96,2,16
1319,4,1,3
1320,249,2,4
1321,87,2,12
1322,256,2,11
1323,179,2,19
1324,274,1,14
1325,43,2,20
1326,38,2,11
1327,120,2,4
1328,170,1,10
1329,142,1,18
1330,276,1,7
1331,222,1,17
1332,175,1,21
1333,43,2,10
1334,204,2,7
1335,55,1,18
1336,203,1,27
1337,223,2,25
1338,19,1,21
1339,280,1,16
1340,63,1,18
1341,239,1,0
1342,179,2,28
1343,104,2,3
1344,70,2,27
1345,63,2,15
1346,101,2,15
1347,177,2,3
1348,255,1,10
1349,67,2,2
1350,170,2,6
1351,120,2,16
1352,158,2,0
1353,70,1,3
1354,21,1,12
1355,200,2,18
1356,275,2,5
1357,138,1,16
1358,37,1,17
1359,279,2,12
1360,226,1,22
1361,171,2,9
1362,197,1,0
1363,143,2,3
1364,238,2,6
1365,145,1,10
1366,46,2,26
1367,115,1,8
1368,207,2,3
1369,12,2,14
1370,9,1,24
1371,67,1,3
1372,227,2,5
1373,31,2,15
1374,127,1,21
1375,116,2,13
1376,23,2,21
1377,115,2,17
1378,100,2,3
1379,124,1,19
1380,170,1,18
1381,45,2,0
1382,91,2,7
1383,157,1,21
1384,160,1,15
1385,168,1,28
1386,145,2,20
1387,12,2,23
1388,202,2,7
1389,54,1,23
1390,276,2,28
1391,230,2,12
1392,90,2,15
1393,58,2,28
1394,30,2,10
1395,185,2,24
1396,118,2,28
1397,223,2,20
1398,204,2,6
1399,251,2,8
1400,102,1,9
1401,57,1,26
1402,74,1,8
1403,57,2,6
1404,133,2,19
1405,94,2,23
1406,241,2,2
1407,115,1,7
1408,121,1,12
1409,256,1,5
1410,203,2,2
1411,250,1,21
1412,19,1,28
1413,108,2,20
1414,219,1,26
1415,87,1,28
1416,245,2,22
1417,260,2,14
1418,255,1,18
1419,101,1,12
1420,85,1,16
1421,87,1,14
1422,31,1,16
1423,20,1,22
1424,8,1,9
1425,84,2,14
1426,20,2,5
1427,252,1,26
1428,114,2,6
1429,25,2,9
1430,246,2,10
1431,69,1,16
1432,238,1,13
1433,202,1,7
1434,90,1,7
1435,117,1,26
1436,27,1,28
1437,27,1,10
1438,261,1,27
1439,1,2,11
1440,114,1,19
1441,12,1,7
1442,92,1,13
1443,80,2,7
1444,60,2,20
1445,140,2,1
1446,20,1,18
1447,201,2,9
1448,161,2,14
1449,0,1,2
1450,138,2,27
1451,144,2,14
1452,215,2,26
1453,144,1,24
1454,45,1,18
1455,273,1,15
1456,183,1,24
1457,229,1,13
1458,51,2,8
1459,93,1,9
1460,279,1,14
1461,267,2,4
1462,67,1,15
1463,22,1,22
1464,43,1,12
1465,144,1,11
1466,55,1,18
1467,49,1,0
1468,9,2,16
1469,158,2,21
1470,62,1,16
1471,157,1,6
1472,266,1,18
1473,150,2,10
1474,65,1,6
1475,120,1,10
1476,123,2,16
1477,133,2,27
1478,228,2,25
1479,244,2,10
1480,103,1,23
1481,130,1,15
1482,79,1,16
1483,8,2,13
1484,47,1,25
1485,193,2,22
1486,259,2,7
1487,121,2,10
1488,181,1,6
1489,144,2,14
1490,240,1,5
1491,83,2,14
1492,220,1,23
1493,3,2,14
1494,143,1,3
1495,8,1,17
1496,80,1,12
1497,199,2,9
1498,116,2,19
1499,20,2,11
1500,21,2,6
1501,84,1,20
1502,267,1,17
1503,207,2,2
1504,23,2,3
1505,172,1,5
1506,127,2,21
1507,186,1,17
1508,29,2,18
1509,66,1,4
1510,146,1,5
1511,20,2,10
1512,207,2,15
1513,64,2,0
1514,193,2,10
1515,59,2,25
1516,154,1,12
1517,191,1,9
1518,33,1,18
1519,216,2,2
1520,213,2,27
1521,239,1,25
1522,176,1,23
1523,256,1,8
1524,186,2,28
1525,192,2,15
1526,272,1,13
1527,222,1,4
1528,196,2,22
1529,52,1,0
1530,157,1,4
1531,53,2,0
1532,91,1,23
1533,257,1,0
1534,204,2,9
1535,145,1,17
1536,63,2,2
1537,84,1,3
1538,87,2,19
1539,162,2,15
1540,237,1,24
1541,146,2,25
1542,149,2,3
1543,173,2,16
1544,161,2,18
1545,50,1,22
1546,44,2,13
1547,92,1,1
1548,182,1,15
1549,215,2,17
1550,34,1,2
1551,18,2,17
1552,98,2,24
1553,148,1,22
1554,230,2,6
1555,37,1,22
1556,258,1,5
1557,274,2,13
1558,237,2,11
1559,68,1,12
1560,238,2,0
1561,201,2,17
1562,70,2,0
1563,95,1,24
1564,228,2,12
1565,121,1,28
1566,202,1,18
1567,7,2,14
1568,223,1,8
1569,116,2,0
1570,97,1,27
1571,91,2,18
1572,278,2,8
1573,40,1,15
1574,124,1,9
1575,89,1,23
1576,79,1,10
1577,179,2,7
1578,65,1,19
1579,14,2,14
1580,273,2,6
1581,256,1,4
1582,127,1,12
1583,19,2,16
1584,199,2,9
1585,46,2,5
1586,53,1,22
1587,87,1,12
1588,32,2,6
1589,207,1,14
1590,208,1,18
1591,234,2,11
1592,34,1,13
1593,113,1,23
1594,145,1,14
1595,76,1,11
1596,271,2,6
1597,96,2,23
1598,20,1,9
1599,209,1,1
1600,214,2,15
1601,65,1,18
1602,176,1,26
1603,213,2,22
1604,277,2,14
1605,78,2,20
1606,179,2,21
1607,76,2,21
1608,235,1,11
1609,254,2,13
1610,147,1,22
1611,262,1,13
1612,137,1,11
1613,215,1,23
1614,274,2,8
1615,87,2,6
1616,193,2,25
1617,173,2,9
1618,245,2,3
1619,271,2,14
1620,14,1,5
1621,259,2,13
1622,106,2,3
1623,207,2,1
1624,269,1,10
1625,265,2,7
1626,87,1,26
1627,160,2,14
1628,9,2,11
1629,118,1,19
1630,265,2,3
1631,109,1,4
1632,235,2,24
1633,146,1,28
1634,12,2,12
1635,11,2,11
1636,99,2,8
1637,156,1,11
1638,200,2,15
1639,215,2,10
1640,137,2,6
1641,68,2,25
1642,15,2,18
1643,47,2,8
1644,106,1,15
1645,67,1,15
1646,204,1,24
1647,76,1,17
1648,33,2,26
1649,36,1,8
1650,119,1,5
1651,92,2,12
1652,108,2,18
1653,239,1,0
1654,270,1,8
1655,249,2,1
1656,279,2,22
1657,260,1,25
1658,204,2,7
1659,233,2,24
1660,9,2,17
1661,4,2,1
1662,43,2,12
1663,177,1,15
1664,278,1,6
1665,163,2,13
1666,132,1,13
1667,112,1,16
1668,195,2,14
1669,239,2,16
1670,102,2,18
1671,186,2,6
1672,24,2,15
1673,14,1,14
1674,0,1,5
1675,95,2,6
1676,6,1,9
1677,255,1,2
1678,163,1,13
1679,232,2,10
1680,274,1,17
1681,174,1,0
1682,120,2,0
1683,198,1,13
1684,103,1,4
1685,82,2,27
1686,208,1,7
1687,4,2,15
1688,98,2,5
1689,40,1,2
1690,191,2,7
1691,168,1,18
1692,272,1,23
1693,50,1,10
1694,103,1,12
1695,22,2,11
1696,194,2,24
1697,71,2,0
1698,94,1,4
1699,232,1,8
1700,144,2,5
1701,279,2,2
1702,153,1,20
1703,181,1,14
1704,19,1,9
1705,38,1,17
1706,6,1,12
1707,48,1,26
1708,175,1,5
1709,209,1,17
1710,208,1,25
1711,162,2,0
1712,35,2,11
1713,144,2,0
1714,127,1,25
1715,136,1,21
1716,51,2,4
1717,42,1,11
1718,81,1,0
1719,167,2,10
1720,12,1,24
1721,174,2,13
1722,93,1,0
1723,25,1,11
1724,272,2,8
1725,30,1,23
1726,217,2,28
1727,150,1,4
1728,234,1,12
1729,188,2,26
1730,25,1,1
1731,131,1,9
1732,8,2,28
1733,135,2,15
1734,167,2,1
1735,208,1,6
1736,195,1,4
1737,197,1,4
1738,120,2,24
1739,186,1,22
1740,200,2,10
1741,229,1,20
1742,29,1,3
1743,275,2,16
1744,115,2,5
1745,195,2,18
1746,111,2,14
1747,179,2,10
1748,148,2,11
1749,24,2,1
1750,162,1,10
1751,191,1,19
1752,242,2,2
1753,70,2,3
1754,147,1,4
1755,40,2,22
1756,94,1,6
1757,2,1,27
1758,248,2,3
1759,232,2,17
1760,240,2,25
1761,101,1,22
1762,268,2,13
1763,246,1,21
1764,169,1,28
1765,87,2,24
1766,168,2,13
1767,263,1,20
1768,239,2,0
1769,268,2,9
1770,268,2,1
1771,108,1,16
1772,45,2,23
1773,45,2,6
1774,98,2,27
1775,24,1,12
1776,190,1,18
1777,229,2,0
1778,42,2,12
1779,146,1,15
1780,56,2,23
1781,101,1,17
1782,164,2,22
1783,121,1,0
1784,103,1,5
1785,27,1,12
1786,250,2,25
1787,248,1,2
1788,198,2,28
1789,103,2,9
1790,69,2,27
1791,62,2,27
1792,136,2,16
1793,179,1,14
1794,165,1,10
1795,190,2,11
1796,77,2,5
1797,174,2,1
1798,140,2,19
1799,108,2,18
1800,72,1,3
1801,267,1,13
1802,53,1,26
1803,209,1,21
1804,29,2,12
1805,2,1,13
1806,109,2,13
1807,65,1,1
1808,242,2,7
1809,252,2,8
1810,15,1,23
1811,83,2,11
1812,32,1,17
1813,130,1,9
1814,188,2,14
1815,158,2,25
1816,15,1,24
1817,263,2,19
1818,213,2,23
1819,222,2,3
1820,111,1,28
1821,138,2,17
1822,145,2,20
1823,188,2,5
1824,120,2,4
1825,110,2,4
1826,127,1,6
1827,162,1,0
1828,188,1,22
1829,122,1,1
1830,152,2,10
1831,157,1,17
1832,256,2,17
1833,33,1,18
1834,96,2,5
1835,139,1,11
1836,41,2,22
1837,160,2,27
1838,169,2,28
1839,35,2,6
1840,126,1,3
1841,12,2,16
1842,14,2,11
1843,191,1,16
1844,122,1,1
1845,137,1,5
1846,186,2,15
1847,120,1,26
1848,165,2,0
1849,16,2,25
1850,99,1,17
1851,267,1,4
1852,136,1,10
1853,239,1,14
1854,25,1,25
1855,129,2,14
1856,70,1,18
1857,154,1,8
1858,25,2,25
1859,128,1,28
1860,10,2,28
1861,199,2,28
1862,158,1,21
1863,262,1,27
1864,69,1,15
1865,178,2,17
1866,161,2,28
1867,153,1,23
1868,157,2,27
1869,91,2,4
1870,209,1,1
1871,75,2,15
1872,39,2,23
1873,239,1,11
1874,0,1,9
1875,194,1,2
1876,49,2,20
1877,107,1,13
1878,90,2,8
1879,66,1,27
1880,250,2,6
1881,160,2,25
1882,66,2,20
1883,273,2,21
1884,212,1,9
1885,123,1,20
1886,152,2,11
1887,23,1,11
1888,129,2,4
1889,241,2,23
1890,63,2,16
1891,246,1,1
1892,199,2,21
1893,174,2,27
1894,226,2,4
1895,9,2,18
1896,81,1,28
1897,181,1,9
1898,150,2,18
1899,51,1,8
1900,248,1,12
1901,141,1,2
1902,192,2,5
1903,22,1,13
1904,196,1,14
1905,227,2,26
1906,269,2,26
1907,63,1,5
1908,198,1,10
1909,259,2,12
1910,74,1,11
1911,29,1,8
1912,8,2,25
1913,234,2,26
1914,146,2,2
1915,182,2,14
1916,100,2,11
1917,58,2,19
1918,149,1,2
1919,34,1,11
1920,25,1,28
1921,82,2,21
1922,256,2,4
1923,151,2,11
1924,3,1,2
1925,130,2,26
1926,271,1,26
1927,258,1,11
1928,42,2,2
1929,227,2,11
1930,260,1,5
1931,23,2,26
1932,14,2,4
1933,181,2,26
1934,254,1,17
1935,169,2,20
1936,178,1,3
1937,260,1,5
1938,66,2,25
1939,45,1,25
1940,250,2,6
1941,131,1,17
1942,152,2,22
1943,224,2,28
1944,111,2,6
1945,162,2,17
1946,50,1,7
1947,166,2,28
1948,192,1,24
1949,95,1,1
1950,272,1,23
1951,14,2,24
1952,59,2,17
1953,236,1,6
1954,202,1,22
1955,147,1,12
1956,171,1,27
1957,41,2,20
1958,157,1,4
1959,56,2,27
1960,19,2,13
1961,106,1,15
1962,145,1,17
1963,174,2,26
1964,250,1,16
1965,49,1,5
1966,167,2,23
1967,178,1,14
1968,251,2,4
1969,171,2,10
1970,183,2,14
1971,184,1,8
1972,208,1,9
1973,130,1,6
1974,27,1,1
1975,81,1,0
1976,46,1,2
1977,192,2,18
1978,163,1,26
1979,26,1,26
1980,19,1,2
1981,4,1,8
1982,78,2,13
1983,123,1,3
1984,65,2,17
1985,12,1,25
1986,258,2,25
1987,195,2,24
1988,76,2,15
1989,134,1,22
1990,193,1,22
1991,250,2,7
1992,163,1,7
1993,166,1,6
1994,85,2,26
1995,46,2,17
1996,207,2,11
1997,32,1,16
1998,219,2,6
1999,48,2,27
2000,121,1,9
2001,227,1,15
2002,245,1,15
2003,264,2,17
2004,6,1,17
2005,173,2,0
2006,41,1,8
2007,175,1,22
2008,222,2,21
2009,77,1,12
2010,16,2,20
2011,28,2,2
2012,175,1,23
2013,172,1,21
2014,243,1,26
2015,272,2,15
2016,157,1,13
2017,220,2,24
2018,276,1,10
2019,7,1,9
2020,3,1,16
2021,152,1,19
2022,33,1,2
2023,15,1,28
2024,191,1,27
2025,61,2,9
2026,200,1,1
2027,73,1,12
2028,164,1,10
2029,253,2,3
2030,98,2,10
2031,5,2,20
2032,267,1,25
2033,180,2,1
2034,18,1,4
2035,112,1,3
2036,76,2,5
2037,242,1,15
2038,25,2,19
2039,253,1,2
2040,55,1,13
2041,25,2,7
2042,268,1,24
2043,206,1,3
2044,90,1,26
2045,29,1,8
2046,220,1,17
2047,200,2,13
2048,5,1,13
2049,138,2,28
2050,110,1,1
2051,80,2,21
2052,263,2,21
2053,177,1,2
2054,144,2,19
2055,73,1,13
2056,209,1,20
2057,69,1,2
2058,165,2,13
2059,171,1,27
2060,188,1,17
2061,31,2,18
2062,248,2,1
2063,39,1,5
2064,230,2,0
2065,247,2,19
2066,175,1,21
2067,114,2,6
2068,17,2,19
2069,131,1,21
2070,26,1,10
2071,229,2,8
2072,33,1,21
2073,219,1,13
2074,115,2,10
2075,255,2,22
2076,203,2,7
2077,206,1,24
2078,156,1,13
2079,32,1,21
2080,8,2,25
2081,89,1,13
2082,164,2,1
2083,278,1,14
2084,18,2,14
2085,111,2,25
2086,105,1,7
2087,26,1,9
2088,199,1,5
2089,221,1,9
2090,115,1,10
2091,183,2,21
2092,156,2,4
2093,108,1,4
2094,91,1,7
2095,271,2,1
2096,107,1,15
2097,176,2,3
2098,99,2,1
2099,76,2,23
2100,234,1,10
2101,150,2,11
2102,249,2,10
2103,126,2,11
2104,137,1,9
2105,103,2,11
2106,104,2,0
2107,196,1,0
2108,80,1,27
2109,205,1,14
2110,139,1,26
2111,105,1,4
2112,50,2,27
2113,88,2,18
2114,201,2,21
2115,38,2,3
2116,131,1,19
2117,262,1,27
2118,218,1,19
2119,156,2,27
2120,262,2,11
2121,177,2,10
2122,136,2,1
2123,242,2,28
2124,201,2,18
2125,60,2,7
2126,101,2,8
2127,257,2,6
2128,245,2,20
2129,92,1,14
2130,202,2,15
2131,63,2,22
2132,192,1,28
2133,46,2,13
2134,132,2,18
2135,226,1,14
2136,265,1,11
2137,217,2,1
2138,111,1,27
2139,50,1,26
2140,191,2,9
2141,105,2,16
2142,243,1,6
2143,172,2,3
2144,241,1,15
2145,131,2,24
2146,7,1,24
2147,266,1,23
2148,133,2,6
2149,263,1,0
2150,130,2,13
2151,179,2,22
2152,211,1,6
2153,146,2,6
2154,262,2,24
2155,208,1,8
2156,246,1,5
2157,262,2,28
2158,11,2,9
2159,16,2,21
2160,163,2,3
2161,84,1,5
2162,218,1,24
2163,175,1,27
2164,172,2,13
2165,178,2,21
2166,173,1,6
2167,258,1,17
2168,53,1,20
2169,37,2,27
2170,155,2,11
2171,6,1,16
2172,268,2,3
2173,172,2,16
2174,179,1,15
2175,95,2,22
2176,149,1,18
2177,213,2,28
2178,214,2,5
2179,264,1,7
2180,143,1,7
2181,2,2,5
2182,53,2,17
2183,110,2,15
2184,85,1,3
2185,169,2,5
2186,106,1,23
2187,58,2,11
2188,168,1,0
2189,46,2,24
2190,44,2,4
2191,56,2,18
2192,39,2,2
2193,91,2,11
2194,61,2,10
2195,100,2,14
2196,150,1,10
2197,160,1,26
2198,46,2,22
2199,252,1,15
2200,11,2,13
2201,279,1,25
2202,235,1,5
2203,192,1,27
2204,222,1,12
2205,181,1,8
2206,138,2,13
2207,43,1,16
2208,161,1,21
2209,69,2,28
2210,1,1,22
2211,54,1,12
2212,163,2,22
2213,223,1,26
2214,244,1,21
2215,141,1,10
2216,178,2,14
2217,269,1,23
2218,271,2,9
2219,125,2,16
2220,264,2,22
2221,21,2,20
2222,112,2,10
2223,49,2,17
2224,47,2,5
2225,78,1,14
2226,85,2,27
2227,23,2,19
2228,239,1,17
2229,43,1,0
2230,25,2,11
2231,28,1,11
2232,134,1,23
2233,152,1,12
2234,279,1,19
2235,56,1,14
2236,141,1,0
2237,239,2,23
2238,129,1,12
2239,242,2,7
2240,161,1,21
2241,23,1,6
2242,123,2,20
2243,247,2,28
2244,149,2,0
2245,269,1,1
2246,191,1,20
2247,166,1,12
2248,111,2,3
2249,262,1,7
2250,191,1,20
2251,36,2,4
2252,129,2,12
2253,168,2,11
2254,186,1,20
2255,276,1,12
2256,49,1,20
2257,217,2,11
2258,177,2,9
2259,256,2,21
2260,43,2,16
2261,228,2,10
2262,187,2,13
2263,227,2,15
2264,183,1,21
2265,36,1,26
2266,55,1,21
2267,25,2,4
2268,109,1,22
2269,120,1,27
2270,262,2,14
2271,169,1,22
2272,207,1,3
2273,125,1,25
2274,87,2,14
2275,197,2,15
2276,4,1,4
2277,51,2,10
2278,49,2,12
2279,220,1,1
2280,115,2,21
2281,36,2,10
2282,244,1,4
2283,145,2,25
2284,247,2,3
2285,121,1,9
2286,203,1,11
2287,111,1,2
2288,140,1,3
2289,31,1,8
2290,35,2,24
2291,40,1,25
2292,105,1,13
2293,22,1,20
2294,80,1,14
2295,32,1,28
2296,184,1,16
2297,12,1,20
2298,140,1,15
2299,45,2,5
2300,106,2,7
2301,154,1,23
2302,178,2,16
2303,179,2,6
2304,36,1,13
2305,219,2,16
2306,207,1,7
2307,232,2,8
2308,213,2,21
2309,219,1,9
2310,172,2,2
2311,216,2,28
2312,67,2,3
2313,21,1,2
2314,54,2,21
2315,174,2,20
2316,63,2,13
2317,59,1,19
2318,53,1,15
2319,219,2,26
2320,94,2,4
2321,45,1,16
2322,95,1,14
2323,108,1,10
2324,209,1,13
2325,219,2,23
2326,137,2,3
2327,77,1,9
2328,45,1,18
2329,237,1,12
2330,202,2,28
2331,40,2,4
2332,36,1,12
2333,120,1,7
2334,276,2,13
2335,156,1,8
2336,270,2,18
2337,106,2,17
2338,97,1,25
2339,144,1,26
2340,121,2,7
2341,17,1,23
2342,158,1,7
2343,253,2,17
2344,265,1,25
2345,65,1,24
2346,84,1,26
2347,72,1,9
2348,167,2,15
2349,216,2,7
2350,13,1,12
2351,241,1,26
2352,25,2,8
2353,27,1,6
2354,197,2,16
2355,149,2,5
2356,54,1,4
2357,68,1,11
2358,238,1,9
2359,266,1,25
2360,47,1,24
2361,241,1,27
2362,138,1,14
2363,216,2,3
2364,66,2,25
2365,142,1,19
2366,163,2,4
2367,253,1,1
2368,274,1,24
2369,111,1,21
2370,4,2,2
2371,139,1,16
2372,279,2,20
2373,268,2,19
2374,122,1,9
2375,97,2,9
2376,169,2,19
2377,228,1,3
2378,179,2,21
2379,232,1,21
2380,247,2,25
2381,89,2,21
2382,54,2,25
2383,6,2,0
2384,19,2,26
2385,203,2,10
2386,208,2,16
2387,14,1,17
2388,212,1,24
2389,102,2,27
2390,67,2,18
2391,232,1,21
2392,185,2,14
2393,78,2,27
2394,113,1,8
2395,44,1,5
2396,174,2,16
2397,142,2,5
2398,167,1,21
2399,213,1,5
2400,249,2,14
2401,12,2,23
2402,118,1,19
2403,219,2,0
2404,108,2,11
2405,150,2,14
2406,198,2,16
2407,40,2,18
2408,132,2,2
2409,39,2,17
2410,96,1,2
2411,136,2,23
2412,213,2,23
2413,0,2,26
2414,279,2,9
2415,223,2,15
2416,40,1,20
2417,85,2,7
2418,97,1,24
2419,37,1,7
2420,271,1,8
2421,137,1,16
2422,241,1,8
2423,148,1,23
2424,3,1,0
2425,113,1,9
2426,158,2,2
2427,179,2,11
2428,182,1,15
2429,44,2,8
2430,150,2,1
2431,115,2,15
2432,234,1,28
2433,176,1,12
2434,41,2,21
2435,183,1,23
2436,32,2,25
2437,214,2,28
2438,244,1,22
2439,253,2,3
2440,151,2,9
2441,101,1,6
2442,168,2,13
2443,155,1,27
2444,231,2,23
2445,120,2,20
2446,72,2,15
2447,3,1,18
2448,81,1,22
2449,62,2,1
2450,183,1,5
2451,164,2,7
2452,83,2,0
2453,248,2,23
2454,254,2,15
2455,145,1,25
2456,77,1,22
2457,110,2,19
2458,35,2,18
2459,147,2,2
2460,9,1,21
2461,163,1,3
2462,75,1,2
2463,193,1,23
2464,102,2,1
2465,265,2,12
2466,52,1,24
2467,216,1,14
2468,39,2,17
2469,77,1,8
2470,121,2,9
2471,23,1,20
2472,121,2,6
2473,6,1,21
2474,24,1,1
2475,132,2,18
2476,90,1,7
2477,200,2,25
2478,0,1,9
2479,120,1,19
2480,150,1,11
2481,129,2,0
2482,71,2,6
2483,160,2,21
2484,179,2,4
2485,69,2,11
2486,90,2,11
2487,187,2,5
2488,23,1,0
2489,28,1,27
2490,145,1,18
2491,73,1,12
2492,232,1,24
2493,184,1,23
2494,182,1,10
2495,180,1,0
2496,203,2,21
2497,23,1,20
2498,261,2,18
2499,162,1,11
2500,198,1,20
2501,209,1,6
2502,72,1,0
2503,263,1,7
2504,111,1,15
2505,95,1,2
2506,213,1,3
2507,215,2,5
2508,37,1,26
2509,89,1,21
2510,183,1,19
2511,155,1,6
2512,203,2,18
2513,104,1,20
2514,234,1,28
2515,168,2,24
2516,6,2,3
2517,234,1,2
2518,93,1,12
2519,270,1,0
2520,2,2,5
2521,162,2,1
2522,38,2,11
2523,162,2,3
2524,128,2,0
2525,50,2,19
2526,38,2,11
2527,204,2,15
2528,8,1,28
2529,135,1,19
2530,104,2,6
2531,107,2,14
2532,35,2,24
2533,34,2,7
2534,20,2,9
2535,128,1,4
2536,116,1,12
2537,183,2,13
2538,152,1,7
2539,166,1,17
2540,184,2,15
2541,0,1,0
2542,188,1,26
2543,105,2,20
2544,141,2,14
2545,265,1,6
2546,212,1,28
2547,103,2,5
2548,275,2,15
2549,193,1,4
2550,199,1,9
2551,73,1,6
2552,252,2,5
2553,217,2,0
2554,10,2,11
2555,243,2,19
2556,260,1,27
2557,178,2,24
2558,60,1,23
2559,67,2,15
2560,271,2,3
2561,225,2,11
2562,168,1,5
2563,2,2,18
2564,244,2,9
2565,52,1,23
2566,223,1,19
2567,241,1,16
2568,208,2,28
2569,204,2,27
2570,19,1,4
2571,206,2,19
2572,82,2,4
2573,25,1,3
2574,9,2,5
2575,52,2,0
2576,112,2,23
2577,170,2,1
2578,170,1,23
2579,28,2,18
2580,97,1,16
2581,132,1,3
2582,185,2,15
2583,76,2,0
2584,157,1,12
2585,274,1,13
2586,253,1,10
2587,54,1,14
2588,217,2,3
2589,168,2,2
2590,235,2,2
2591,242,1,11
2592,119,2,26
2593,191,2,5
2594,181,1,8
2595,239,2,15
2596,0,1,26
2597,113,1,4
2598,265,2,3
2599,217,2,11
2600,192,1,1
2601,263,1,21
2602,221,2,26
2603,87,2,8
2604,242,2,25
2605,266,2,16
2606,109,2,2
2607,12,1,23
2608,260,2,24
2609,28,2,6
2610,77,1,17
2611,3,1,4
2612,104,2,9
2613,264,1,15
2614,197,2,9
2615,61,1,21
2616,234,2,23
2617,258,1,4
2618,13,2,13
2619,132,1,13
2620,24,1,22
2621,157,2,23
2622,20,1,24
2623,216,1,15
2624,241,2,10
2625,271,2,20
2626,234,2,10
2627,158,1,23
2628,261,1,25
2629,20,2,20
2630,123,1,9
2631,276,2,8
2632,61,2,26
2633,278,2,6
2634,206,1,16
2635,190,1,27
2636,171,1,26
2637,160,2,28
2638,213,2,19
2639,97,1,15
2640,40,1,13
2641,248,2,20
2642,51,2,12
2643,191,2,1
2644,92,1,4
2645,101,2,4
2646,250,1,25
2647,52,1,15
2648,186,1,9
2649,169,1,7
2650,60,2,8
2651,141,2,10
2652,280,1,2
2653,111,1,0
2654,194,1,0
2655,192,2,28
2656,196,2,12
2657,23,1,25
2658,11,2,26
2659,87,2,20
2660,29,2,19
2661,211,1,22
2662,11,1,15
2663,118,1,2
2664,154,2,23
2665,72,2,16
2666,92,1,16
2667,237,1,0
2668,104,2,22
2669,204,2,5
2670,270,1,4
2671,119,2,17
2672,106,2,28
2673,183,2,4
2674,192,1,9
2675,2,2,0
2676,129,2,9
2677,184,2,28
2678,29,2,5
2679,212,1,19
2680,279,2,16
2681,250,1,4
2682,211,1,2
2683,229,2,16
2684,266,2,15
2685,99,2,27
2686,144,1,6
2687,173,1,25
2688,207,1,18
2689,36,1,2
2690,83,2,22
2691,198,2,9
2692,104,2,22
2693,97,2,19
2694,84,2,21
2695,16,1,1
2696,93,2,13
2697,136,2,19
2698,23,2,4
2699,52,1,21
2700,253,1,18
2701,117,2,4
2702,45,1,23
2703,254,1,3
2704,22,2,10
2705,200,1,23
2706,57,2,10
2707,105,1,14
2708,201,1,15
2709,218,2,15
2710,141,1,4
2711,210,1,14
2712,165,1,12
2713,193,2,1
2714,199,2,9
2715,227,1,13
2716,58,2,9
2717,85,2,1
2718,186,1,24
2719,76,2,20
2720,75,2,11
2721,136,1,24
2722,129,1,18
2723,89,1,16
2724,280,1,25
2725,167,1,19
2726,243,1,16
2727,90,2,12
2728,108,2,1
2729,30,2,24
2730,249,1,28
2731,176,1,21
2732,157,2,26
2733,22,1,9
2734,140,2,28
2735,136,1,14
2736,129,2,3
2737,218,2,0
2738,110,2,26
2739,190,1,22
2740,181,1,13
2741,188,2,2
2742,100,2,23
2743,248,2,0
2744,91,2,23
2745,21,1,14
2746,9,2,25
2747,111,2,22
2748,164,1,13
2749,92,1,16
2750,241,1,26
2751,206,1,17
2752,267,2,23
2753,276,1,20
2754,249,2,25
2755,138,1,25
2756,107,2,1
2757,54,2,17
2758,278,1,12
2759,115,1,17
2760,112,2,6
2761,236,2,26
2762,38,1,10
2763,245,1,23
2764,179,1,20
2765,2,2,13
2766,228,1,20
2767,79,1,14
2768,80,1,23
2769,146,2,23
2770,74,2,11
2771,199,2,26
2772,270,1,20
2773,254,1,19
2774,67,1,10
2775,75,1,20
2776,230,2,19
2777,97,2,5
2778,230,2,17
2779,234,1,10
2780,226,2,4
2781,245,1,1
2782,173,1,19
2783,97,2,6
2784,199,2,27
2785,217,1,20
2786,199,2,19
2787,135,2,17
2788,265,1,28
2789,57,1,20
2790,172,1,14
2791,129,2,27
2792,55,1,0
2793,18,2,7
2794,62,2,1
2795,272,1,23
2796,141,2,1
2797,17,1,24
2798,229,2,5
2799,43,1,25
2800,158,1,13
2801,220,1,23
2802,79,1,19
2803,31,1,7
2804,42,1,12
2805,69,1,15
2806,135,2,10
2807,241,1,22
2808,143,1,11
2809,157,2,4
2810,31,1,21
2811,32,2,8
2812,74,1,13
2813,231,1,28
2814,237,1,8
2815,150,1,25
2816,74,2,22
2817,100,2,18
2818,135,2,8
2819,244,2,28
2820,176,2,2
2821,161,1,12
2822,15,2,27
2823,248,2,7
2824,126,1,11
2825,168,2,7
2826,154,1,13
2827,84,2,9
2828,197,2,3
2829,129,2,23
2830,176,2,12
2831,23,2,25
2832,70,1,26
2833,151,1,19
2834,164,1,13
2835,10,2,1
2836,173,1,25
2837,129,1,15
2838,260,1,13
2839,144,2,9
2840,213,2,10
2841,128,2,27
2842,65,2,9
2843,49,2,28
2844,75,2,23
2845,1,1,13
2846,101,2,10
2847,179,1,13
2848,178,1,18
2849,259,1,21
2850,258,2,21
2851,204,1,19
2852,6,1,3
2853,222,1,1
2854,276,1,3
2855,224,1,2
2856,114,1,18
2857,174,2,1
2858,145,2,7
2859,251,1,18
2860,41,1,23
2861,105,2,16
2862,30,1,8
2863,12,2,28
2864,146,2,10
2865,20,1,15
2866,156,1,4
2867,42,2,26
2868,80,2,23
2869,104,2,9
2870,134,2,4
2871,16,1,19
2872,61,1,10
2873,232,1,13
2874,161,1,6
2875,131,2,22
2876,131,1,4
2877,225,2,1
2878,252,2,16
2879,52,1,10
2880,117,2,23
2881,209,1,1
2882,280,2,20
2883,138,2,2
2884,45,1,3
2885,204,2,11
2886,169,2,18
2887,12,1,24
2888,188,2,24
2889,102,1,6
2890,146,2,7
2891,161,1,0
2892,274,2,7
2893,66,1,12
2894,27,1,11
2895,18,1,16
2896,251,1,28
2897,69,1,24
2898,32,1,21
2899,175,2,25
2900,60,1,3
2901,229,2,27
2902,202,1,23
2903,22,2,13
2904,104,2,1
2905,101,1,28
2906,137,1,5
2907,65,2,16
2908,17,2,11
2909,37,1,21
2910,206,2,3
2911,43,1,26
2912,82,1,13
2913,67,1,2
2914,42,1,25
2915,190,2,17
2916,135,2,10
2917,25,1,18
2918,217,1,18
2919,35,1,27
2920,58,2,1
2921,151,1,13
2922,254,2,4
2923,49,2,3
2924,115,1,10
2925,233,2,23
2926,135,1,5
2927,29,1,16
2928,183,2,13
2929,263,1,14
2930,171,2,1
2931,275,2,27
2932,67,1,14
2933,96,2,27
2934,269,2,6
2935,272,1,0
2936,172,1,23
2937,60,1,10
2938,151,1,12
2939,72,2,19
2940,261,1,13
2941,191,2,26
2942,274,2,8
2943,55,1,25
2944,233,1,5
2945,116,1,11
2946,141,1,20
2947,97,1,21
2948,171,2,2
2949,64,2,18
2950,268,1,19
2951,26,1,13
2952,191,1,14
2953,188,2,12
2954,24,1,19
2955,193,1,0
2956,131,1,3
2957,56,2,18
2958,63,1,9
2959,177,2,20
2960,251,1,25
2961,251,2,27
2962,55,2,20
2963,122,1,14
2964,230,2,4
2965,117,1,9
2966,34,1,3
2967,180,1,23
2968,118,2,27
2969,70,2,16
2970,14,1,23
2971,101,2,27
2972,57,2,6
2973,219,1,21
2974,146,1,23
2975,274,1,6
2976,143,2,22
2977,88,2,1
2978,244,2,0
2979,27,1,25
2980,53,1,8
2981,101,2,14
2982,120,1,14
2983,230,2,11
2984,199,2,9
2985,112,1,18
2986,40,2,24
2987,151,2,14
2988,116,2,6
2989,277,2,25
2990,121,1,3
2991,105,1,25
2992,276,2,6
2993,66,2,6
2994,86,2,1
2995,257,2,6
2996,73,1,22
2997,88,2,12
2998,93,2,0
2999,156,1,17
3000,87,2,7
3001,168,2,5
3002,50,2,25
3003,230,2,16
3004,40,1,18
3005,278,1,13
3006,130,2,5
3007,249,2,25
3008,251,1,5
3009,33,1,20
3010,161,2,25
3011,119,1,6
3012,134,2,24
3013,257,2,10
3014,230,2,27
3015,231,2,14
3016,165,2,11
3017,61,2,18
3018,13,2,19
3019,144,2,6
3020,171,2,7
3021,270,2,1
3022,221,2,16
3023,60,2,14
3024,0,2,23
3025,167,2,12
3026,266,1,20
3027,132,2,6
3028,98,2,7
3029,142,2,11
3030,136,1,28
3031,273,2,13
3032,224,1,18
3033,271,2,17
3034,11,1,4
3035,55,1,24
3036,248,2,20
3037,229,1,22
3038,42,2,18
3039,224,2,3
3040,57,2,8
3041,278,1,25
3042,73,1,4
3043,246,1,28
3044,110,1,17
3045,89,2,21
3046,83,2,9
3047,273,2,25
3048,231,1,3
3049,40,1,24
3050,89,1,2
3051,78,2,28
3052,121,1,14
3053,51,2,28
3054,22,1,8
3055,156,1,15
3056,188,1,21
3057,209,2,6
3058,213,2,3
3059,128,2,22
3060,84,2,6
3061,161,2,3
3062,58,1,21
3063,169,1,15
3064,242,2,4
3065,215,1,27
3066,56,1,15
3067,154,2,6
3068,79,2,26
3069,181,2,17
3070,226,1,17
3071,116,1,18
3072,15,1,12
3073,198,2,23
3074,114,1,27
3075,213,1,23
3076,127,1,16
3077,173,2,22
3078,200,2,22
3079,141,1,25
3080,256,1,26
3081,133,2,2
3082,203,1,26
3083,170,2,23
3084,154,2,20
3085,137,1,20
3086,92,1,20
3087,241,1,9
3088,134,2,0
3089,110,1,3
3090,173,1,7
3091,165,2,5
3092,179,2,20
3093,270,2,8
3094,64,2,13
3095,81,1,0
3096,25,2,21
3097,263,2,11
3098,217,1,9
3099,128,2,4
3100,149,2,7
3101,194,2,21
3102,248,2,17
3103,87,1,14
3104,254,2,13
3105,181,1,24
3106,118,1,14
3107,23,2,4
3108,61,1,27
3109,69,1,16
3110,67,1,7
3111,248,1,14
3112,71,2,1
3113,143,1,24
3114,195,1,14
3115,114,2,18
3116,180,1,21
3117,153,1,19
3118,192,2,11
3119,152,1,10
3120,266,2,13
3121,225,1,19
3122,2,1,11
3123,42,2,27
3124,147,1,0
3125,7,1,15
3126,39,2,21
3127,15,2,11
3128,84,1,25
3129,261,1,12
3130,155,2,13
3131,204,1,2
3132,36,1,21
3133,124,1,2
3134,9,1,11
3135,8,1,21
3136,96,2,3
3137,183,2,7
3138,181,2,5
3139,6,2,4
3140,66,1,21
3141,181,2,13
3142,186,1,10
3143,158,1,26
3144,177,1,18
3145,50,2,8
3146,188,1,28
3147,43,2,16
3148,26,1,26
3149,186,2,24
3150,149,2,22
3151,27,1,1
3152,245,1,25
3153,167,2,23
3154,272,1,13
3155,143,1,6
3156,22,1,13
3157,5,1,21
3158,173,2,10
3159,237,1,6
3160,33,1,17
3161,140,2,23
3162,200,2,4
3163,264,2,19
3164,91,2,3
3165,188,2,2
3166,34,2,11
3167,206,1,13
3168,44,1,27
3169,186,1,11
3170,33,2,20
3171,104,1,18
3172,148,2,9
3173,253,2,10
3174,206,2,20
3175,99,2,15
3176,203,2,20
3177,139,2,24
3178,95,1,24
3179,34,1,12
3180,190,1,25
3181,203,2,10
3182,214,1,5
3183,149,1,16
3184,191,2,11
3185,205,1,24
3186,48,2,14
3187,36,1,25
3188,231,1,23
3189,12,2,9
3190,222,1,28
3191,135,2,28
3192,274,1,17
3193,118,1,13
3194,224,1,27
3195,74,2,22
3196,139,1,13
3197,200,2,20
3198,235,1,19
3199,242,1,18
3200,11,1,27
3201,117,1,11
3202,181,1,27
3203,61,2,28
3204,26,2,15
3205,15,2,21
3206,113,1,7
3207,199,1,8
3208,122,1,24
3209,152,2,0
3210,11,2,6
3211,173,1,14
3212,36,1,21
3213,248,2,19
3214,166,1,9
3215,276,2,19
3216,137,2,18
3217,203,1,23
3218,280,1,14
3219,237,1,21
3220,47,1,24
3221,6,2,9
3222,273,1,12
3223,225,1,17
3224,185,2,16
3225,49,2,7
3226,221,1,26
3227,74,1,2
3228,85,2,6
3229,149,1,4
3230,226,1,16
3231,59,1,27
3232,173,1,6
3233,8,2,27
3234,149,2,0
3235,9,1,21
3236,198,1,15
3237,19,1,24
3238,219,1,12
3239,149,2,28
3240,166,2,4
3241,142,1,16
3242,2,2,7
3243,112,2,8
3244,188,2,3
3245,133,2,2
3246,182,2,24
3247,72,2,18
3248,203,2,10
3249,277,2,15
3250,118,2,25
3251,57,1,19
3252,73,1,10
3253,92,1,15
3254,258,2,24
3255,213,2,24
3256,103,1,7
3257,124,1,12
3258,108,2,24
3259,5,2,16
3260,243,2,11
3261,174,1,5
3262,131,2,17
3263,192,2,21
3264,214,1,18
3265,187,2,26
3266,240,2,24
3267,39,2,5
3268,71,1,3
3269,197,1,21
3270,60,1,26
3271,124,2,26
3272,24,2,4
3273,36,2,19
3274,184,2,9
3275,215,1,6
3276,142,2,22
3277,122,1,14
3278,128,2,9
3279,155,1,3
3280,213,1,22
3281,90,1,18
3282,215,1,14
3283,278,2,20
3284,209,2,24
3285,227,1,10
3286,116,1,25
3287,259,2,3
3288,93,1,18
3289,237,1,19
3290,63,2,27
3291,261,2,4
3292,168,2,13
3293,185,2,8
3294,104,1,19
3295,21,1,20
3296,45,2,12
3297,205,2,4
3298,273,1,20
3299,89,1,10
3300,105,2,15
3301,11,2,2
3302,231,2,5
3303,166,2,17
3304,14,2,16
3305,84,2,1
3306,234,1,17
3307,44,1,5
3308,257,1,27
3309,1,2,11
3310,55,1,22
3311,227,1,3
3312,32,1,18
3313,160,1,28
3314,35,1,25
3315,266,1,21
3316,180,1,27
3317,113,2,5
3318,57,1,16
3319,271,1,2
3320,130,1,17
3321,156,1,17
3322,27,2,12
3323,107,1,5
3324,112,1,16
3325,188,1,27
3326,40,2,7
3327,106,2,20
3328,169,2,8
3329,52,1,22
3330,252,1,27
3331,55,2,23
3332,276,2,24
3333,90,2,2
3334,196,2,17
3335,77,2,11
3336,119,2,27
3337,256,2,20
3338,242,1,23
3339,58,1,0
3340,13,1,0
3341,277,1,0
3342,238,1,16
3343,225,2,12
3344,219,1,24
3345,20,2,17
3346,130,1,10
3347,116,1,3
3348,63,2,27
3349,203,2,22
3350,103,1,7
3351,186,1,14
3352,267,1,11
3353,212,2,2
3354,223,1,7
3355,213,1,18
3356,6,2,3
3357,172,1,7
3358,53,2,16
3359,254,2,14
3360,39,2,2
3361,103,2,11
3362,133,1,21
3363,167,1,27
3364,219,2,7
3365,268,2,9
3366,74,1,2
3367,160,2,14
3368,25,1,16
3369,171,1,2
3370,7,2,23
3371,251,1,10
3372,131,2,10
3373,184,1,6
3374,130,2,27
3375,174,1,2
3376,3,2,5
3377,143,1,18
3378,165,1,0
3379,68,2,10
3380,251,1,27
3381,237,1,1
3382,182,1,11
3383,259,1,2
3384,164,2,21
3385,53,2,7
3386,25,1,9
3387,111,2,19
3388,278,2,4
3389,271,2,26
3390,248,1,3
3391,160,2,6
3392,44,1,20
3393,74,1,9
3394,122,1,23
3395,207,2,8
3396,84,2,0
3397,16,1,24
3398,60,2,22
3399,268,1,23
3400,231,2,27
3401,51,2,10
3402,240,1,25
3403,53,1,12
3404,12,1,13
3405,280,1,2
3406,164,2,10
3407,219,2,14
3408,148,2,2
3409,226,2,18
3410,44,1,11
3411,156,2,13
3412,62,1,14
3413,91,2,8
3414,27,2,6
3415,158,2,22
3416,250,2,16
3417,29,1,26
3418,7,1,10
3419,273,1,14
3420,136,1,15
3421,245,1,5
3422,213,2,4
3423,188,2,27
3424,279,2,6
3425,217,1,25
3426,117,1,12
3427,194,2,20
3428,143,1,16
3429,162,1,1
3430,17,1,22
3431,6,2,23
3432,270,1,16
3433,270,1,18
3434,133,1,28
3435,138,1,26
3436,65,2,2
3437,202,2,23
3438,125,2,23
3439,2,2,24
3440,268,2,4
3441,185,2,16
3442,126,1,15
3443,248,1,11
3444,280,1,1
3445,164,1,18
3446,64,2,19
3447,80,2,8
3448,3,1,22
3449,93,1,21
3450,9,2,24
3451,264,2,17
3452,122,2,21
3453,138,2,12
3454,245,2,22
3455,249,1,12
3456,190,2,6
3457,18,1,27
3458,12,1,27
3459,125,2,5
3460,236,1,27
3461,47,2,20
3462,30,2,6
3463,87,1,24
3464,141,2,22
3465,104,2,19
3466,275,1,7
3467,234,1,14
3468,229,1,21
3469,84,1,2
3470,86,1,8
3471,58,1,8
3472,39,1,20
3473,39,2,1
3474,101,1,17
3475,221,2,12
3476,233,1,17
3477,198,2,3
3478,23,2,16
3479,41,1,12
3480,12,1,19
3481,214,2,2
3482,170,1,9
3483,270,2,23
3484,254,2,27
3485,93,1,4
3486,65,2,3
3487,151,2,9
3488,158,2,2
3489,108,2,26
3490,33,2,28
3491,198,1,8
3492,222,2,0
3493,238,2,14
3494,4,2,25
3495,155,1,27
3496,157,1,9
3497,274,1,26
3498,227,2,15
3499,11,2,22
3500,35,2,15
3501,168,2,27
3502,273,2,22
3503,116,1,2
3504,5,1,13
3505,190,1,28
3506,84,1,28
3507,280,1,8
3508,79,2,10
3509,257,2,18
3510,277,2,9
3511,43,1,7
3512,180,1,9
3513,32,1,14
3514,201,1,5
3515,58,1,7
3516,224,2,7
3517,165,2,2
3518,235,2,27
3519,152,2,8
3520,179,1,5
3521,237,1,21
3522,151,1,16
3523,13,2,21
3524,160,2,28
3525,92,2,19
3526,95,2,1
3527,103,1,25
3528,171,2,21
3529,104,2,17
3530,20,2,17
3531,103,2,3
3532,55,2,18
3533,51,1,3
3534,168,2,27
3535,92,2,16
3536,80,1,19
3537,50,1,19
3538,66,2,5
3539,221,1,3
3540,182,2,16
3541,120,1,24
3542,223,2,16
3543,183,1,6
3544,192,2,16
3545,139,2,5
3546,278,2,13
3547,37,1,23
3548,6,2,25
3549,70,1,12
3550,278,2,26
3551,10,2,7
3552,142,2,15
3553,71,2,20
3554,26,2,3
3555,23,1,28
3556,45,1,5
3557,108,2,28
3558,131,1,20
3559,66,2,13
3560,180,2,24
3561,191,2,0
3562,228,1,24
3563,260,1,24
3564,110,2,14
3565,54,2,8
3566,225,2,27
3567,214,1,9
3568,114,2,18
3569,11,2,15
3570,229,1,4
3571,118,2,13
3572,156,2,11
3573,156,1,12
3574,164,2,8
3575,216,2,23
3576,187,1,0
3577,196,1,3
3578,62,1,24
3579,228,2,18
3580,195,1,14
3581,38,1,4
3582,183,2,14
3583,131,2,7
3584,209,2,25
3585,193,2,22
3586,265,2,21
3587,70,1,7
3588,92,2,25
3589,108,1,15
3590,248,2,18
3591,129,2,17
3592,225,2,27
3593,69,1,6
3594,17,2,24
3595,4,1,10
3596,76,1,20
3597,42,2,23
3598,101,2,4
3599,115,2,19
3600,97,2,10
3601,167,2,7
3602,47,2,15
3603,107,2,8
3604,145,1,8
3605,35,2,12
3606,209,1,7
3607,187,2,24
3608,271,2,12
3609,88,1,23
3610,278,1,24
3611,116,2,14
3612,126,1,25
3613,251,2,8
3614,141,1,15
3615,232,2,24
3616,202,1,15
3617,158,1,7
3618,231,1,2
3619,225,1,1
3620,203,1,6
3621,169,1,24
3622,131,1,21
3623,32,1,12
3624,117,2,25
3625,26,1,26
3626,196,1,0
3627,221,1,11
3628,113,2,13
3629,174,2,19
3630,127,2,1
3631,11,1,2
3632,187,1,11
3633,278,2,6
3634,269,2,26
3635,43,1,10
3636,238,2,1
3637,210,1,2
3638,5,2,13
3639,26,2,28
3640,274,2,8
3641,171,2,22
3642,216,2,11
3643,123,1,16
3644,99,2,11
3645,270,2,14
3646,280,1,9
3647,189,2,25
3648,80,1,3
3649,27,2,10
3650,265,2,14
3651,119,1,23
3652,195,2,16
3653,221,2,15
3654,276,1,28
3655,181,2,26
3656,280,1,18
3657,133,2,2
3658,182,2,11
3659,42,1,14
3660,169,1,28
3661,128,2,2
3662,13,1,16
3663,90,1,22
3664,224,2,7
3665,78,1,15
3666,156,2,22
3667,36,2,12
3668,68,2,1
3669,107,1,23
3670,200,1,12
3671,3,1,17
3672,74,1,23
3673,175,2,6
3674,174,2,9
3675,107,1,2
3676,141,1,27
3677,69,1,11
3678,205,1,1
3679,206,2,6
3680,175,1,22
3681,198,2,0
3682,124,2,26
3683,127,1,19
3684,180,1,13
3685,257,1,19
3686,181,2,8
3687,245,2,2
3688,52,1,14
3689,175,1,1
3690,196,2,17
3691,101,2,12
3692,208,1,13
3693,113,2,21
3694,246,2,14
3695,139,2,15
3696,64,2,24
3697,203,1,20
3698,278,1,21
3699,268,2,11
3700,143,2,9
3701,152,2,7
3702,148,2,8
3703,259,1,4
3704,1,2,23
3705,215,1,5
3706,21,1,5
3707,134,1,22
3708,105,2,7
3709,117,1,23
3710,53,1,24
3711,161,2,22
3712,138,2,4
3713,146,1,24
3714,34,1,24
3715,245,2,27
3716,171,2,18
3717,208,1,9
3718,122,1,3
3719,147,1,26
3720,110,1,22
3721,177,1,5
3722,274,2,20
3723,216,2,20
3724,52,1,16
3725,84,1,6
3726,63,1,10
3727,78,2,15
3728,274,2,28
3729,6,2,21
3730,42,2,16
3731,263,1,14
3732,47,2,19
3733,181,1,10
3734,29,2,6
3735,151,1,4
3736,241,1,10
3737,58,2,14
3738,146,1,28
3739,130,2,14
3740,280,1,20
3741,170,2,22
3742,142,2,12
3743,54,2,14
3744,29,1,13
3745,12,1,17
3746,273,2,24
3747,196,2,6
3748,66,1,13
3749,6,1,27
3750,224,2,27
3751,76,2,24
3752,55,1,1
3753,54,2,13
3754,241,2,22
3755,226,1,20
3756,20,1,20
3757,230,1,27
3758,271,2,18
3759,120,1,6
3760,247,1,13
3761,190,1,20
3762,194,2,23
3763,55,2,1
3764,227,2,4
3765,2,2,12
3766,211,1,13
3767,44,2,16
3768,73,1,25
3769,86,2,9
3770,207,1,9
3771,237,2,9
3772,133,2,21
3773,147,2,24
3774,6,2,24
3775,36,1,19
3776,150,2,13
3777,186,1,27
3778,6,2,7
3779,279,2,12
3780,65,2,27
3781,132,1,5
3782,180,1,1
3783,118,1,5
3784,104,1,22
3785,154,1,3
3786,211,2,25
3787,97,1,8
3788,155,1,26
3789,280,2,28
3790,210,2,1
3791,127,2,18
3792,228,2,26
3793,38,1,0
3794,106,2,11
3795,101,2,4
3796,1,2,9
3797,201,2,27
3798,100,2,17
3799,76,2,11
3800,32,2,23
3801,20,2,23
3802,144,2,6
3803,87,1,3
3804,240,1,26
3805,164,1,4
3806,198,1,4
3807,104,1,0
3808,231,2,28
3809,190,2,5
3810,72,1,12
3811,107,1,14
3812,145,2,16
3813,224,2,20
3814,187,1,17
3815,241,1,3
3816,245,2,24
3817,207,1,22
3818,41,1,21
3819,171,2,27
3820,6,2,8
3821,146,2,28
3822,4,2,21
3823,93,1,2
3824,227,1,18
3825,189,1,14
3826,134,1,20
3827,195,1,24
3828,262,2,25
3829,229,2,17
3830,77,1,6
3831,246,1,4
3832,222,1,9
3833,154,1,26
3834,157,2,21
3835,250,1,5
3836,155,2,20
3837,174,1,17
3838,188,1,21
3839,158,1,23
3840,253,1,27
3841,55,2,20
3842,115,2,23
3843,104,1,2
3844,246,2,10
3845,242,2,28
3846,241,1,19
3847,37,1,13
3848,79,2,16
3849,191,1,25
3850,153,1,12
3851,271,2,28
3852,168,1,17
3853,179,1,27
3854,199,2,11
3855,48,1,0
3856,55,1,10
3857,30,2,1
3858,173,1,16
3859,234,2,27
3860,116,2,21
3861,191,1,12
3862,43,2,22
3863,104,2,7
3864,250,2,21
3865,16,1,20
3866,275,1,26
3867,165,1,17
3868,105,2,15
3869,176,1,11
3870,210,1,24
3871,87,1,24
3872,81,2,15
3873,112,1,8
3874,62,2,7
3875,276,2,3
3876,50,1,19
3877,81,1,11
3878,75,1,3
3879,134,2,0
3880,187,1,20
3881,269,2,8
3882,162,1,13
3883,278,2,15
3884,190,2,18
3885,107,1,16
3886,242,1,8
3887,181,1,27
3888,64,1,6
3889,168,1,24
3890,31,1,2
3891,256,2,6
3892,164,2,12
3893,245,1,27
3894,13,1,26
3895,119,1,2
3896,132,1,16
3897,232,1,6
3898,255,2,10
3899,63,1,25
3900,279,2,15
3901,201,2,2
3902,125,1,7
3903,130,1,22
3904,268,2,1
3905,261,1,10
3906,14,1,7
3907,134,2,27
3908,48,1,21
3909,223,2,21
3910,1,1,17
3911,233,2,22
3912,30,2,7
3913,157,1,2
3914,55,1,11
3915,107,1,9
3916,65,1,0
3917,240,2,24
3918,65,2,26
3919,79,1,27
3920,128,1,7
3921,156,2,3
3922,180,2,20
3923,250,1,14
3924,66,1,20
3925,125,1,7
3926,101,2,2
3927,87,2,8
3928,207,1,18
3929,117,2,5
3930,152,1,17
3931,220,2,28
3932,186,1,5
3933,214,2,8
3934,175,1,18
3935,34,1,23
3936,156,2,16
3937,204,2,22
3938,112,2,9
3939,98,1,14
3940,152,1,5
3941,81,1,26
3942,78,2,18
3943,221,2,4
3944,179,1,25
3945,271,1,13
3946,153,1,20
3947,114,2,21
3948,6,1,19
3949,250,2,8
3950,19,2,27
3951,0,2,28
3952,62,2,2
3953,99,2,2
3954,135,2,17
3955,29,2,7
3956,134,2,8
3957,44,2,15
3958,214,2,11
3959,184,1,8
3960,4,2,4
3961,151,2,18
3962,185,2,21
3963,59,2,7
3964,71,2,21
3965,215,1,23
3966,244,1,18
3967,146,2,11
3968,276,1,13
3969,275,2,9
3970,89,1,28
3971,182,1,12
3972,14,2,21
3973,156,2,16
3974,12,2,18
3975,209,2,27
3976,22,2,6
3977,218,2,16
3978,236,2,19
3979,111,2,11
3980,18,2,14
3981,53,1,27
3982,159,2,23
3983,144,2,19
3984,211,1,25
3985,63,1,22
3986,95,1,21
3987,214,2,15
3988,72,1,28
3989,5,2,8
3990,155,2,22
3991,276,2,15
3992,246,1,5
3993,168,1,15
3994,150,2,3
3995,155,1,27
3996,135,2,19
3997,177,1,20
3998,220,2,4
3999,234,2,27
4000,216,2,21
4001,74,1,4
4002,243,1,15
4003,104,1,3
4004,258,1,10
4005,154,2,4
4006,68,2,25
4007,77,2,6
4008,29,1,18
4009,166,1,18
4010,94,2,20
4011,34,1,16
4012,196,1,21
4013,271,1,19
4014,7,2,11
4015,80,2,12
4016,138,1,21
4017,190,1,8
4018,118,2,2
4019,134,2,19
4020,80,1,18
4021,194,2,19
4022,145,1,7
4023,59,1,20
4024,24,1,20
4025,127,2,27
4026,248,2,6
4027,42,1,16
4028,259,2,22
4029,9,2,7
4030,3,2,13
4031,186,2,0
4032,205,2,3
4033,170,2,28
4034,280,2,7
4035,101,1,9
4036,82,1,13
4037,226,2,11
4038,239,1,2
4039,118,2,7
4040,209,2,20
4041,234,2,12
4042,85,1,28
4043,50,1,7
4044,273,1,11
4045,95,1,11
4046,206,1,7
4047,236,2,16
4048,181,1,14
4049,142,1,27
4050,6,1,1
4051,102,2,1
4052,157,1,13
4053,196,1,14
4054,217,2,0
4055,280,2,2
4056,96,2,23
4057,148,2,7
4058,267,2,24
4059,100,1,2
4060,232,2,25
4061,220,2,18
4062,51,2,14
4063,82,2,7
4064,183,1,25
4065,199,1,12
4066,182,2,25
4067,216,2,8
4068,114,2,12
4069,249,2,12
4070,233,1,6
4071,61,1,8
4072,175,2,5
4073,33,1,23
4074,43,1,20
4075,37,2,26
4076,53,1,18
4077,225,2,28
4078,138,1,20
4079,64,1,10
4080,200,1,17
4081,39,2,7
4082,198,2,3
4083,165,1,5
4084,196,2,3
4085,279,1,9
4086,70,1,3
4087,170,1,25
4088,121,2,23
4089,277,2,16
4090,234,1,18
4091,261,1,24
4092,5,2,24
4093,116,2,11
4094,127,1,9
4095,60,2,2
4096,55,2,10
4097,80,1,26
4098,29,1,9
4099,239,1,28
4100,115,2,4
4101,213,2,4
4102,14,1,19
4103,182,1,21
4104,175,1,22
4105,42,2,17
4106,209,1,3
4107,14,2,4
4108,64,2,27
4109,82,1,13
4110,155,1,10
4111,243,2,4
4112,107,2,18
4113,44,2,22
4114,87,1,8
4115,24,2,16
4116,200,2,23
4117,206,2,20
4118,128,2,5
4119,214,2,0
4120,107,2,3
4121,1,2,23
4122,145,1,27
4123,248,1,13
4124,213,2,20
4125,91,1,9
4126,165,1,14
4127,239,1,14
4128,194,1,4
4129,254,1,1
4130,22,1,3
4131,74,2,22
4132,11,1,8
4133,153,1,24
4134,216,2,3
4135,116,2,15
4136,236,1,18
4137,92,2,21
4138,241,2,11
4139,223,2,20
4140,30,1,2
4141,68,1,5
4142,72,1,24
4143,163,2,18
4144,234,2,26
4145,274,1,4
4146,222,1,15
4147,245,1,12
4148,153,2,19
4149,116,2,19
4150,24,2,28
4151,159,2,25
4152,247,2,2
4153,184,1,26
4154,48,1,7
4155,269,1,13
4156,139,1,24
4157,255,1,2
4158,102,1,28
4159,204,1,18
4160,139,1,19
4161,56,1,11
4162,254,1,20
4163,139,1,16
4164,177,2,13
4165,195,1,2
4166,231,1,13
4167,253,2,20
4168,221,2,25
4169,202,1,22
4170,36,1,12
4171,67,1,12
4172,152,2,2
4173,166,2,2
4174,136,2,14
4175,247,1,7
4176,28,2,4
4177,20,1,26
4178,70,2,15
4179,20,2,8
4180,133,2,1
4181,163,1,23
4182,177,1,25
4183,270,1,8
4184,13,2,7
4185,148,2,3
4186,109,1,19
4187,196,2,4
4188,243,2,28
4189,217,1,27
4190,56,1,17
4191,34,2,19
4192,250,2,8
4193,236,2,22
4194,128,1,3
4195,221,1,26
4196,159,2,6
4197,200,2,7
4198,11,2,0
4199,225,1,28
4200,43,1,16
4201,218,1,4
4202,198,1,20
4203,95,1,3
4204,169,2,19
4205,61,2,1
4206,171,2,16
4207,144,1,16
4208,154,1,24
4209,47,2,7
4210,232,1,8
4211,243,2,17
4212,273,2,20
4213,154,2,2
4214,18,1,26
4215,172,2,26
4216,171,1,16
4217,78,2,19
4218,47,2,13
4219,21,1,10
4220,22,1,10
4221,109,1,10
4222,19,1,8
4223,27,2,9
4224,235,2,7
4225,274,2,27
4226,74,2,0
4227,21,1,10
4228,174,2,13
4229,189,2,10
4230,187,1,21
4231,101,1,4
4232,225,2,1
4233,51,1,7
4234,250,2,13
4235,114,1,12
4236,172,1,27
4237,135,2,7
4238,132,1,20
4239,64,1,28
4240,207,2,5
4241,273,1,22
4242,93,2,1
4243,134,2,21
4244,94,1,20
4245,23,2,27
4246,20,2,0
4247,254,2,18
4248,220,1,1
4249,48,2,15
4250,110,1,11
4251,192,2,9
4252,140,1,3
4253,89,2,12
4254,23,1,0
4255,275,2,17
4256,154,2,0
4257,224,2,5
4258,47,1,14
4259,150,1,21
4260,157,2,14
4261,247,1,9
4262,31,1,28
4263,265,2,10
4264,254,1,25
4265,160,1,1
4266,192,2,22
4267,1,1,24
4268,213,2,24
4269,151,2,20
4270,219,1,17
4271,234,1,1
4272,127,2,22
4273,268,1,8
4274,212,2,9
4275,143,2,9
4276,129,2,11
4277,104,2,0
4278,98,2,28
4279,32,2,27
4280,190,1,1
4281,149,1,9
4282,107,1,3
4283,276,2,10
4284,230,1,8
4285,208,1,20
4286,107,2,25
4287,189,2,27
4288,263,2,7
4289,11,2,5
4290,206,2,17
4291,44,1,19
4292,264,1,7
4293,262,2,2
4294,139,1,0
4295,28,2,17
4296,263,2,23
4297,109,1,11
4298,143,2,1
4299,13,1,24
4300,17,1,5
4301,143,1,23
4302,137,2,1
4303,99,1,1
4304,174,1,0
4305,197,1,12
4306,5,1,13
4307,35,1,13
4308,70,1,3
4309,82,2,16
4310,133,1,12
4311,17,2,8
4312,31,1,13
4313,11,1,25
4314,213,2,20
4315,121,2,20
4316,117,1,4
4317,176,1,27
4318,108,1,24
4319,213,1,16
4320,171,2,13
4321,275,2,15
4322,166,1,3
4323,189,1,2
4324,9,1,8
4325,121,2,7
4326,190,1,1
4327,104,2,4
4328,119,1,4
4329,154,2,17
4330,170,1,26
4331,18,2,11
4332,270,2,13
4333,280,1,17
4334,186,2,14
4335,180,2,7
4336,148,2,13
4337,240,1,8
4338,109,2,5
4339,223,1,6
4340,158,2,21
4341,9,2,12
4342,235,1,4
4343,226,1,19
4344,117,1,6
4345,143,1,25
4346,213,1,6
4347,177,1,25
4348,109,2,0
4349,51,1,20
4350,232,1,6
4351,199,2,23
4352,120,1,28
4353,30,1,23
4354,227,2,18
4355,238,1,10
4356,107,1,8
4357,72,2,6
4358,221,2,27
4359,136,2,18
4360,215,1,8
4361,11,2,17
4362,64,1,11
4363,263,1,5
4364,162,2,8
4365,94,1,2
4366,9,1,26
4367,60,1,9
4368,217,1,5
4369,57,1,10
4370,157,1,10
4371,153,2,23
4372,249,1,2
4373,34,2,8
4374,220,1,11
4375,277,2,13
4376,173,1,25
4377,78,1,18
4378,186,1,23
4379,117,1,5
4380,206,1,18
4381,267,2,5
4382,26,2,28
4383,169,2,14
4384,178,2,28
4385,194,2,18
4386,64,2,4
4387,261,1,15
4388,274,1,13
4389,138,1,24
4390,61,1,2
4391,252,1,8
4392,7,2,25
4393,165,1,18
4394,82,1,3
4395,68,2,15
4396,23,1,3
4397,23,2,6
4398,24,2,19
4399,273,2,0
4400,254,2,6
4401,12,1,24
4402,268,1,7
4403,110,2,28
4404,119,2,16
4405,11,1,6
4406,204,1,14
4407,66,1,20
4408,79,1,26
4409,198,2,6
4410,232,1,13
4411,250,1,2
4412,186,2,22
4413,6,2,8
4414,49,2,19
4415,182,1,13
4416,69,1,3
4417,3,1,11
4418,242,2,19
4419,184,1,17
4420,15,2,10
4421,250,2,18
4422,192,2,28
4423,113,1,22
4424,44,1,25
4425,268,2,7
4426,277,2,15
4427,165,2,24
4428,78,2,3
4429,275,1,24
4430,184,2,28
4431,171,1,17
4432,172,2,3
4433,182,1,17
4434,92,2,21
4435,74,2,4
4436,242,1,5
4437,155,2,26
4438,157,2,2
4439,215,1,13
4440,161,1,8
4441,163,2,4
4442,214,2,25
4443,239,1,4
4444,155,2,4
4445,110,2,24
4446,101,2,8
4447,78,1,0
4448,237,2,27
4449,171,1,7
4450,120,2,16
4451,181,1,12
4452,5,2,19
4453,67,2,10
4454,10,1,12
4455,280,1,14
4456,140,2,15
4457,49,2,19
4458,46,2,28
4459,67,2,10
4460,225,1,13
4461,127,2,2
4462,23,2,9
4463,5,2,28
4464,50,2,9
4465,50,2,6
4466,265,1,23
4467,163,2,14
4468,124,2,22
4469,22,1,6
4470,250,2,25
4471,235,2,1
4472,67,1,22
4473,101,2,21
4474,116,1,17
4475,245,2,5
4476,106,1,27
4477,161,2,23
4478,50,1,9
4479,112,1,11
4480,115,2,17
4481,232,2,17
4482,154,2,18
4483,56,2,0
4484,206,2,22
4485,173,1,21
4486,58,2,8
4487,272,2,4
4488,278,2,6
4489,200,1,12
4490,279,2,18
4491,5,2,17
4492,175,1,13
4493,65,1,9
4494,7,2,4
4495,195,1,8
4496,38,1,23
4497,116,2,2
4498,29,1,14
4499,10,1,9
4500,19,1,15
4501,215,1,2
4502,102,1,19
4503,122,2,23
4504,238,2,20
4505,116,1,1
4506,200,1,4
4507,200,1,26
4508,1,2,17
4509,22,2,22
4510,40,2,27
4511,140,1,16
4512,223,1,13
4513,233,2,13
4514,149,1,15
4515,63,1,28
4516,88,2,28
4517,237,2,3
4518,50,2,8
4519,279,2,11
4520,159,1,5
4521,18,2,1
4522,122,2,4
4523,229,2,19
4524,22,2,16
4525,139,1,24
4526,20,2,2
4527,163,1,9
4528,245,1,11
4529,169,2,13
4530,3,1,28
4531,8,1,9
4532,29,2,7
4533,24,2,8
4534,112,2,5
4535,278,2,0
4536,32,1,28
4537,279,1,7
4538,166,1,26
4539,184,1,16
4540,93,1,0
4541,183,2,5
4542,62,1,12
4543,262,2,6
4544,122,2,24
4545,54,1,16
4546,40,2,21
4547,57,2,10
4548,38,2,23
4549,241,2,1
4550,206,2,11
4551,4,1,17
4552,44,2,4
4553,25,1,7
4554,5,1,28
4555,76,1,28
4556,127,2,8
4557,0,2,18
4558,46,1,25
4559,100,1,18
4560,107,1,16
4561,97,2,10
4562,154,2,3
4563,43,2,9
4564,8,1,5
4565,218,1,19
4566,200,1,5
4567,135,2,2
4568,97,1,15
4569,246,1,13
4570,154,1,2
4571,87,1,16
4572,243,2,7
4573,87,1,6
4574,191,1,14
4575,54,2,21
4576,227,2,10
4577,143,1,21
4578,100,1,25
4579,218,1,24
4580,242,1,12
4581,138,1,21
4582,234,1,4
4583,102,1,14
4584,57,2,13
4585,178,1,14
4586,27,2,8
4587,57,2,16
4588,230,2,23
4589,185,2,12
4590,82,1,27
4591,8,2,19
4592,194,2,24
4593,195,2,7
4594,59,1,10
4595,54,1,23
4596,166,2,7
4597,73,1,3
4598,109,2,27
4599,22,2,4
4600,17,1,1
4601,182,1,14
4602,257,2,25
4603,98,1,14
4604,36,2,9
4605,87,2,15
4606,18,1,13
4607,36,2,26
4608,32,2,25
4609,113,2,6
4610,145,1,11
4611,275,2,20
4612,202,2,16
4613,23,1,22
4614,165,2,10
4615,146,1,24
4616,120,2,13
4617,203,2,14
4618,240,1,7
4619,212,1,14
4620,200,1,13
4621,74,2,6
4622,88,2,28
4623,41,2,18
4624,173,2,3
4625,163,2,18
4626,112,2,13
4627,43,2,17
4628,260,1,11
4629,97,1,13
4630,132,1,2
4631,6,2,14
4632,23,1,19
4633,198,1,5
4634,13,2,13
4635,164,2,2
4636,263,2,14
4637,155,2,3
4638,207,1,27
4639,270,2,15
4640,204,1,23
4641,25,2,13
4642,217,1,11
4643,187,1,4
4644,218,1,16
4645,36,1,15
4646,250,2,1
4647,145,2,27
4648,258,1,12
4649,280,1,18
4650,235,1,2
4651,199,1,19
4652,15,2,5
4653,80,2,21
4654,49,2,21
4655,227,1,13
4656,85,1,2
4657,17,1,5
4658,248,1,7
4659,244,1,5
4660,254,1,21
4661,221,1,21
4662,144,2,19
4663,11,1,20
4664,93,1,26
4665,46,2,2
4666,251,2,10
4667,146,2,17
4668,274,1,3
4669,70,2,19
4670,120,2,6
4671,136,1,4
4672,40,1,25
4673,168,1,27
4674,7,2,28
4675,203,2,1
4676,168,2,4
4677,264,2,18
4678,213,1,20
4679,171,1,8
4680,87,2,13
4681,56,1,25
4682,261,1,1
4683,120,1,11
4684,277,2,24
4685,230,1,24
4686,54,2,22
4687,73,1,15
4688,268,2,1
4689,111,2,28
4690,258,1,26
4691,262,1,18
4692,263,1,21
4693,232,2,14
4694,208,2,7
4695,214,2,24
4696,69,1,2
4697,191,1,7
4698,21,2,22
4699,36,2,2
4700,150,1,7
4701,122,2,27
4702,268,1,22
4703,156,1,6
4704,116,2,21
4705,125,2,27
4706,43,1,4
4707,69,1,24
4708,10,1,26
4709,117,2,4
4710,272,1,4
4711,6,2,5
4712,169,1,3
4713,246,1,15
4714,4,1,19
4715,31,2,21
4716,280,1,3
4717,278,1,4
4718,163,2,11
4719,250,1,17
4720,205,2,26
4721,111,1,2
4722,13,1,24
4723,37,2,4
4724,45,1,15
4725,78,2,17
4726,10,2,16
4727,37,2,14
4728,106,1,10
4729,274,2,1
4730,53,2,18
4731,113,2,21
4732,58,2,28
4733,17,2,3
4734,52,2,18
4735,261,2,18
4736,99,1,28
4737,242,2,28
4738,70,2,19
4739,57,1,20
4740,277,1,16
4741,112,1,2
4742,196,1,28
4743,134,1,7
4744,108,1,15
4745,276,2,16
4746,22,2,1
4747,111,2,11
4748,102,1,10
4749,34,1,19
4750,184,1,23
4751,198,1,6
4752,238,1,27
4753,133,2,10
4754,142,2,1
4755,101,1,6
4756,209,1,28
4757,204,2,24
4758,262,1,25
4759,148,1,0
4760,89,1,20
4761,35,1,23
4762,78,1,9
4763,133,2,8
4764,269,1,19
4765,182,1,13
4766,178,1,16
4767,9,2,25
4768,22,2,28
4769,204,1,20
4770,175,2,1
4771,261,1,23
4772,12,2,17
4773,4,2,5
4774,59,2,4
4775,53,1,14
4776,243,1,23
4777,39,2,5
4778,200,2,7
4779,39,2,7
4780,220,2,23
4781,120,2,24
4782,232,2,22
4783,189,2,6
4784,236,1,20
4785,247,2,20
4786,215,2,18
4787,268,2,1
4788,114,1,15
4789,181,1,22
4790,241,1,28
4791,159,1,11
4792,259,2,16
4793,234,2,11
4794,37,2,20
4795,7,1,12
4796,126,2,27
4797,150,1,17
4798,246,2,24
4799,109,1,20
4800,223,2,1
4801,22,1,12
4802,72,1,6
4803,180,1,8
4804,1,2,19
4805,190,2,15
4806,86,1,19
4807,35,2,23
4808,141,2,14
4809,256,2,15
4810,241,2,27
4811,185,1,5
4812,37,1,28
4813,32,1,18
4814,49,2,17
4815,259,1,16
4816,263,2,13
4817,200,2,27
4818,44,2,10
4819,233,1,28
4820,190,1,8
4821,122,2,15
4822,177,2,15
4823,110,2,21
4824,17,2,25
4825,47,1,11
4826,280,1,8
4827,124,2,22
4828,151,1,27
4829,214,1,13
4830,240,2,13
4831,246,1,1
4832,266,1,10
4833,46,1,23
4834,87,1,21
4835,121,2,22
4836,1,2,9
4837,146,1,1
4838,48,2,1
4839,20,2,12
4840,113,2,10
4841,182,2,24
4842,250,1,26
4843,239,1,25
4844,124,1,21
4845,13,2,6
4846,93,1,6
4847,25,2,23
4848,117,2,7
4849,13,2,20
4850,141,2,22
4851,35,2,10
4852,74,1,28
4853,108,2,3
4854,203,2,10
4855,141,1,28
4856,236,1,17
4857,82,1,24
4858,185,2,18
4859,152,2,20
4860,250,1,8
4861,73,1,22
4862,56,1,4
4863,138,1,25
4864,90,1,23
4865,247,1,15
4866,105,1,19
4867,137,1,24
4868,108,1,14
4869,272,1,12
4870,32,1,18
4871,60,2,13
4872,21,1,10
4873,115,2,5
4874,262,2,19
4875,231,2,22
4876,196,2,19
4877,195,2,15
4878,155,1,3
4879,124,1,27
4880,139,1,6
4881,21,1,2
4882,98,1,9
4883,133,2,6
4884,229,2,26
4885,71,2,20
4886,217,1,23
4887,70,1,28
4888,72,2,24
4889,279,2,23
4890,199,1,24
4891,252,2,14
4892,44,1,9
4893,280,1,25
4894,107,1,15
4895,103,2,13
4896,109,2,18
4897,52,2,6
4898,144,1,16
4899,53,1,20
4900,244,1,2
4901,135,2,17
4902,95,2,24
4903,231,2,12
4904,46,2,27
4905,107,2,3
4906,252,2,25
4907,51,2,23
4908,181,2,16
4909,191,2,17
4910,201,2,22
4911,47,1,10
4912,230,2,8
4913,237,1,19
4914,103,2,5
4915,273,2,28
4916,147,1,8
4917,83,1,25
4918,104,1,22
4919,197,1,4
4920,65,2,7
4921,202,2,26
4922,247,1,28
4923,213,2,20
4924,172,1,14
4925,37,2,3
4926,203,1,9
4927,275,2,1
4928,113,2,6
4929,273,1,1
4930,75,1,1
4931,166,1,28
4932,4,1,17
4933,228,1,9
4934,197,2,26
4935,64,2,8
4936,216,2,21
4937,239,2,0
4938,51,2,1
4939,250,1,8
4940,21,2,4
4941,55,2,23
4942,114,1,8
4943,154,2,20
4944,34,1,1
4945,13,2,22
4946,90,2,4
4947,39,1,10
4948,199,1,24
4949,183,1,3
4950,126,2,23
4951,156,1,21
4952,269,1,13
4953,53,1,25
4954,106,2,4
4955,37,1,13
4956,102,2,21
4957,279,2,20
4958,18,2,25
4959,146,2,15
4960,105,1,17
4961,40,1,0
4962,209,1,10
4963,252,2,2
4964,230,1,12
4965,66,1,24
4966,76,1,18
4967,40,1,22
4968,271,1,16
4969,237,1,18
4970,173,2,0
4971,61,2,5
4972,250,2,19
4973,235,2,15
4974,144,2,8
4975,117,1,19
4976,153,1,26
4977,99,1,26
4978,41,2,8
4979,209,1,26
4980,213,2,11
4981,245,1,3
4982,214,1,10
4983,257,2,2
4984,68,1,27
4985,140,1,23
4986,266,1,8
4987,278,2,0
4988,156,2,24
4989,225,1,1
4990,18,2,11
4991,138,2,27
4992,187,1,7
4993,201,2,2
4994,235,2,20
4995,52,2,19
4996,65,2,4
4997,22,1,20
4998,196,1,4
4999,230,1,28
5000,43,1,15
5001,260,2,3
5002,117,2,7
5003,82,2,9
5004,21,1,14
5005,97,1,11
5006,12,1,22
5007,115,1,1
5008,238,1,27
5009,220,1,5
5010,198,2,11
5011,37,1,13
5012,83,2,8
5013,244,2,23
5014,186,1,14
5015,63,1,24
5016,176,2,27
5017,44,2,7
5018,84,1,26
5019,123,2,11
5020,78,1,10
5021,249,2,11
5022,243,2,20
5023,74,2,7
5024,4,1,12
5025,181,1,11
5026,104,1,11
5027,24,1,14
5028,176,2,20
5029,218,1,0
5030,152,2,24
5031,265,1,16
5032,261,2,2
5033,92,1,27
5034,188,2,25
5035,95,2,1
5036,91,1,23
5037,123,2,9
5038,34,2,7
5039,87,1,24
5040,206,1,10
5041,273,1,27
5042,94,2,1
5043,243,2,3
5044,148,1,8
5045,103,1,17
5046,27,1,18
5047,19,2,17
5048,246,1,12
5049,60,2,13
5050,225,2,13
5051,155,1,5
5052,190,1,24
5053,279,1,8
5054,98,1,7
5055,238,2,3
5056,14,2,16
5057,180,2,21
5058,201,2,27
5059,154,1,15
5060,120,1,12
5061,259,2,11
5062,192,1,5
5063,111,1,15
5064,117,1,19
5065,75,2,26
5066,166,1,6
5067,52,2,12
5068,109,2,22
5069,200,1,2
5070,266,2,4
5071,39,1,28
5072,16,1,1
5073,129,2,10
5074,241,1,7
5075,130,1,28
5076,206,2,22
5077,38,1,23
5078,24,1,10
5079,35,1,15
5080,156,2,23
5081,23,2,10
5082,64,1,17
5083,62,1,24
5084,139,2,2
5085,20,1,17
5086,181,2,13
5087,6,1,24
5088,219,2,26
5089,19,2,12
5090,41,1,16
5091,89,2,21
5092,92,1,4
5093,209,1,13
5094,201,2,11
5095,279,1,13
5096,42,1,0
5097,80,2,11
5098,278,2,28
5099,36,2,23
5100,227,2,7
5101,157,2,11
5102,70,2,5
5103,24,2,21
5104,41,2,3
5105,1,1,0
5106,218,1,18
5107,68,2,28
5108,80,2,11
5109,134,1,18
5110,248,1,12
5111,221,2,17
5112,254,2,17
5113,99,2,6
5114,152,1,14
5115,104,1,21
5116,205,2,6
5117,224,2,2
5118,66,1,15
5119,69,2,28
5120,250,2,6
5121,210,1,14
5122,206,1,14
5123,280,2,4
5124,219,2,22
5125,58,1,20
5126,112,2,27
5127,249,1,15
5128,28,1,25
5129,68,1,21
5130,86,1,7
5131,115,1,4
5132,157,1,15
5133,22,2,12
5134,171,1,14
5135,269,1,2
5136,280,2,17
5137,0,2,27
5138,170,1,9
5139,190,1,17
5140,12,1,0
5141,178,1,9
5142,175,2,19
5143,261,1,8
5144,132,2,3
5145,115,2,11
5146,148,2,21
5147,182,2,15
5148,15,1,5
5149,79,2,10
5150,78,2,7
5151,67,1,20
5152,92,1,24
5153,30,2,22
5154,27,1,11
5155,150,2,21
5156,173,2,24
5157,19,1,25
5158,43,1,22
5159,94,2,22
5160,173,2,18
5161,115,2,22
5162,246,1,7
5163,90,2,20
5164,26,1,14
5165,26,1,28
5166,79,1,6
5167,10,1,18
5168,66,2,6
5169,19,1,28
5170,139,1,23
5171,69,2,13
5172,150,1,24
5173,161,2,19
5174,36,1,28
5175,24,2,0
5176,54,1,24
5177,196,2,1
5178,59,1,25
5179,209,2,5
5180,118,1,4
5181,78,1,6
5182,157,1,23
5183,23,1,13
5184,69,1,3
5185,168,1,18
5186,195,1,6
5187,178,2,24
5188,18,1,25
5189,148,1,14
5190,238,2,2
5191,125,2,15
5192,46,1,23
5193,64,1,8
5194,138,2,15
5195,30,1,22
5196,16,1,28
5197,270,2,3
5198,180,1,19
5199,129,1,17
5200,208,2,11
5201,252,1,2
5202,131,1,18
5203,37,2,23
5204,29,1,28
5205,142,1,21
5206,266,1,16
5207,45,2,27
5208,195,2,19
5209,168,2,5
5210,254,2,4
5211,168,2,15
5212,1,1,4
5213,252,2,15
5214,62,2,24
5215,15,2,3
5216,240,2,1
5217,1,2,0
5218,274,1,1
5219,4,2,25
5220,223,1,5
5221,100,2,10
5222,66,2,24
5223,178,2,2
5224,111,1,4
5225,52,1,17
5226,262,2,21
5227,85,1,22
5228,209,2,20
5229,190,2,3
5230,82,1,2
5231,77,1,21
5232,130,1,10
5233,107,2,8
5234,225,2,1
5235,82,2,8
5236,62,1,27
5237,152,1,26
5238,111,2,21
5239,102,1,24
5240,168,1,11
5241,234,2,20
5242,63,1,27
5243,42,2,20
5244,140,1,5
5245,16,1,11
5246,158,2,24
5247,280,2,4
5248,238,1,6
5249,274,1,24
5250,9,1,15
5251,187,1,28
5252,61,1,10
5253,34,2,1
5254,29,1,15
5255,61,2,0
5256,76,1,2
5257,151,1,7
5258,118,1,24
5259,44,2,14
5260,137,2,2
5261,84,1,11
5262,48,2,15
5263,150,2,11
5264,108,2,18
5265,214,1,4
5266,60,1,28
5267,232,1,28
5268,22,2,14
5269,235,2,11
5270,89,2,23
5271,33,1,17
5272,27,1,7
5273,114,2,10
5274,63,2,27
5275,240,2,21
5276,120,2,5
5277,103,2,0
5278,61,2,1
5279,56,2,12
5280,207,2,20
5281,272,2,12
5282,27,2,21
5283,175,2,21
5284,234,1,3
5285,63,2,15
5286,149,2,26
5287,33,2,4
5288,148,1,20
5289,120,1,7
5290,162,2,27
5291,157,2,5
5292,83,1,28
5293,244,2,11
5294,240,2,13
5295,72,1,28
5296,242,1,6
5297,205,1,15
5298,265,2,18
5299,198,2,4
5300,93,2,16
5301,176,2,0
5302,102,2,27
5303,279,2,22
5304,28,2,8
5305,48,1,10
5306,275,2,21
5307,203,2,8
5308,158,1,2
5309,191,2,4
5310,63,2,22
5311,4,2,6
5312,80,2,21
5313,92,2,0
5314,234,1,3
5315,92,2,27
5316,14,2,24
5317,246,1,17
5318,237,1,14
5319,53,2,2
5320,120,2,14
5321,247,2,6
5322,69,2,11
5323,249,2,19
5324,73,2,13
5325,133,2,13
5326,249,1,25
5327,147,1,23
5328,258,1,10
5329,57,1,22
5330,76,2,20
5331,209,2,9
5332,7,1,22
5333,169,1,10
5334,41,1,14
5335,149,2,25
5336,142,2,9
5337,195,1,0
5338,74,1,7
5339,168,1,1
5340,143,1,4
5341,44,2,22
5342,108,1,15
5343,78,2,27
5344,28,1,5
5345,23,1,22
5346,226,2,6
5347,131,1,20
5348,230,2,25
5349,190,1,24
5350,15,2,9
5351,117,2,22
5352,262,1,8
5353,244,2,10
5354,157,1,13
5355,143,1,15
5356,48,2,12
5357,95,1,3
5358,59,2,5
5359,159,2,8
5360,149,1,13
5361,57,1,3
5362,264,2,18
5363,14,2,5
5364,240,2,15
5365,95,1,3
5366,35,2,28
5367,228,1,0
5368,223,1,10
5369,75,1,25
5370,35,2,17
5371,278,1,12
5372,280,1,2
5373,12,1,15
5374,19,2,21
5375,86,1,8
5376,71,2,6
5377,178,2,27
5378,8,2,22
5379,233,1,25
5380,227,2,21
5381,195,2,13
5382,190,2,3
5383,229,2,13
5384,103,2,12
5385,235,1,19
5386,186,1,6
5387,73,1,2
5388,28,1,5
5389,196,2,0
5390,2,1,23
5391,74,1,8
5392,20,2,24
5393,207,2,13
5394,178,1,22
5395,156,1,15
5396,199,1,27
5397,71,2,25
5398,239,1,17
5399,19,1,16
5400,213,1,23
5401,24,1,18
5402,187,2,8
5403,5,1,4
5404,76,1,3
5405,13,2,7
5406,71,1,2
5407,88,2,9
5408,161,1,16
5409,48,1,7
5410,259,1,8
5411,213,1,18
5412,146,2,16
5413,17,2,15
5414,53,2,15
5415,71,1,9
5416,68,1,14
5417,245,2,27
5418,182,1,22
5419,143,1,23
5420,185,1,7
5421,234,2,13
5422,129,2,27
5423,248,1,17
5424,46,2,19
5425,83,2,11
5426,176,2,19
5427,167,2,26
5428,98,2,18
5429,100,1,28
5430,161,2,7
5431,143,1,27
5432,89,1,28
5433,47,2,8
5434,92,2,21
5435,229,1,15
5436,24,1,16
5437,116,1,24
5438,227,1,16
5439,87,1,27
5440,66,1,21
5441,164,2,22
5442,165,1,25
5443,109,1,1
5444,147,1,22
5445,22,2,18
5446,33,2,21
5447,89,1,9
5448,123,1,26
5449,179,1,2
5450,73,2,6
5451,274,1,4
5452,272,1,4
5453,122,2,0
5454,201,2,14
5455,24,1,25
5456,17,1,0
5457,138,1,20
5458,117,2,12
5459,24,1,12
5460,263,2,12
5461,135,2,4
5462,121,2,26
5463,151,2,25
5464,113,1,27
5465,242,2,16
5466,64,1,27
5467,260,1,21
5468,169,1,26
5469,7,2,26
5470,279,1,28
5471,103,1,17
5472,164,1,21
5473,129,2,25
5474,277,2,1
5475,233,2,11
5476,154,2,0
5477,211,1,0
5478,31,2,5
5479,27,1,2
5480,171,2,11
5481,119,1,21
5482,161,2,28
5483,41,2,3
5484,14,1,0
5485,145,1,19
5486,216,1,22
5487,220,1,23
5488,205,2,0
5489,219,1,3
5490,72,1,0
5491,230,2,17
5492,191,1,8
5493,90,2,28
5494,64,2,28
5495,15,1,25
5496,276,2,15
5497,39,2,26
5498,250,1,25
5499,134,1,16
5500,80,1,10
5501,136,1,11
5502,194,1,22
5503,34,1,20
5504,93,2,6
5505,57,2,3
5506,68,1,24
5507,46,1,0
5508,16,2,20
5509,6,2,17
5510,265,2,16
5511,157,2,20
5512,24,1,6
5513,266,2,24
5514,53,2,21
5515,260,1,14
5516,176,2,24
5517,114,1,28
5518,58,2,9
5519,274,2,0
5520,4,1,28
5521,99,1,10
5522,67,1,11
5523,58,1,16
5524,262,2,16
5525,158,2,9
5526,45,2,22
5527,193,1,16
5528,66,2,15
5529,83,1,1
5530,105,1,1
5531,80,1,28
5532,179,1,12
5533,48,2,20
5534,41,1,2
5535,204,1,7
5536,39,2,21
5537,42,2,2
5538,126,1,10
5539,259,2,17
5540,97,2,24
5541,234,1,18
5542,147,2,3
5543,20,1,12
5544,148,1,28
5545,169,1,0
5546,172,1,23
5547,17,2,27
5548,191,2,9
5549,192,2,16
5550,9,2,13
5551,76,1,8
5552,5,2,11
5553,89,2,27
5554,197,1,26
5555,264,1,22
5556,91,1,17
5557,194,1,19
5558,263,2,18
5559,217,1,21
5560,253,1,26
5561,157,2,21
5562,14,2,16
5563,232,1,17
5564,97,1,20
5565,195,1,11
5566,266,1,5
5567,13,2,13
5568,171,2,14
5569,112,1,4
5570,41,1,6
5571,181,1,28
5572,58,2,2
5573,64,1,11
5574,79,1,18
5575,226,1,6
5576,203,2,13
5577,124,2,28
5578,56,2,25
5579,96,2,8
5580,27,1,20
5581,107,1,23
5582,13,1,14
5583,230,2,4
5584,171,1,7
5585,224,2,20
5586,219,2,10
5587,118,1,4
5588,71,2,14
5589,137,1,17
5590,39,1,5
5591,52,2,26
5592,50,1,27
5593,79,2,18
5594,62,2,7
5595,260,2,3
5596,62,2,8
5597,69,1,7
5598,64,2,28
5599,47,2,6
5600,270,1,28
5601,248,1,27
5602,90,1,15
5603,103,1,15
5604,103,1,11
5605,279,2,6
5606,32,1,18
5607,116,1,26
5608,184,2,13
5609,75,1,9
5610,195,2,0
5611,98,1,5
5612,17,2,27
5613,174,1,17
5614,269,1,28
5615,111,1,18
5616,187,1,17
5617,25,1,2
5618,70,2,14
5619,26,2,6
5620,202,1,15
5621,173,2,19
5622,0,2,24
5623,160,1,0
5624,125,1,27
5625,117,1,22
5626,3,2,1
5627,129,1,10
5628,181,1,2
5629,94,1,14
5630,71,1,14
5631,5,2,0
5632,272,2,8
5633,24,2,10
5634,67,1,5
5635,238,2,1
5636,20,2,3
5637,169,1,5
5638,144,1,23
5639,103,1,25
5640,1,2,27
5641,178,1,4
5642,227,2,3
5643,106,1,11
5644,240,1,6
5645,261,1,25
5646,119,1,24
5647,30,2,24
5648,112,1,12
5649,51,1,28
5650,151,2,15
5651,113,2,1
5652,279,2,13
5653,218,1,15
5654,276,1,10
5655,99,1,12
5656,183,2,26
5657,16,2,6
5658,230,2,13
5659,238,1,0
5660,231,2,26
5661,74,2,4
5662,76,1,17
5663,192,2,14
5664,215,1,15
5665,158,2,8
5666,154,2,8
5667,68,2,26
5668,78,1,8
5669,108,1,11
5670,185,2,25
5671,142,1,10
5672,37,1,15
5673,29,1,6
5674,116,2,3
5675,269,2,21
5676,91,1,28
5677,37,2,20
5678,219,2,13
5679,204,2,22
5680,106,2,10
5681,152,1,1
5682,171,2,16
5683,189,1,5
5684,81,2,16
5685,101,1,2
5686,248,1,25
5687,250,1,6
5688,278,2,15
5689,174,1,22
5690,42,1,23
5691,93,2,24
5692,124,2,23
5693,247,1,12
5694,81,1,27
5695,104,2,20
5696,190,1,22
5697,102,1,7
5698,118,2,15
5699,121,1,19
5700,195,1,6
5701,6,2,9
5702,87,2,1
5703,23,1,1
5704,92,2,2
5705,226,1,22
5706,154,2,7
5707,220,1,24
5708,242,2,23
5709,71,2,12
5710,95,1,3
5711,96,1,13
5712,35,1,28
5713,229,1,17
5714,104,2,10
5715,272,2,7
5716,261,1,24
5717,246,1,6
5718,223,2,28
5719,272,1,14
5720,72,2,28
5721,196,2,1
5722,210,2,22
5723,187,2,6
5724,235,1,6
5725,144,1,6
5726,179,2,17
5727,92,2,25
5728,136,2,12
5729,216,1,26
5730,198,1,10
5731,149,2,2
5732,234,2,0
5733,80,2,8
5734,175,1,21
5735,201,2,21
5736,264,2,28
5737,142,1,27
5738,201,1,13
5739,236,1,20
5740,135,1,6
5741,233,1,2
5742,17,1,18
5743,5,2,8
5744,262,1,6
5745,159,2,18
5746,254,2,9
5747,161,1,20
5748,155,2,23
5749,30,2,18
5750,168,1,7
5751,113,2,11
5752,137,1,12
5753,35,1,17
5754,216,1,21
5755,122,2,13
5756,218,2,23
5757,244,1,20
5758,67,2,7
5759,201,1,24
5760,96,1,21
5761,251,1,23
5762,213,1,26
5763,12,2,4
5764,217,2,17
5765,111,1,24
5766,38,2,25
5767,220,1,10
5768,5,2,26
5769,147,2,22
5770,10,2,12
5771,158,1,22
5772,77,2,17
5773,269,2,19
5774,59,1,14
5775,178,2,22
5776,113,1,19
5777,173,2,3
5778,248,2,20
5779,2,1,26
5780,131,2,9
5781,196,1,4
5782,267,2,11
5783,262,1,27
5784,208,2,24
5785,233,1,16
5786,181,2,7
5787,207,1,14
5788,58,1,10
5789,148,2,1
5790,173,2,25
5791,188,2,17
5792,186,2,24
5793,132,2,20
5794,158,2,20
5795,187,1,27
5796,113,1,6
5797,221,2,26
5798,151,1,9
5799,203,1,28
5800,82,2,14
5801,247,1,21
5802,70,2,14
5803,79,2,16
5804,142,2,23
5805,48,2,28
5806,21,2,25
5807,278,2,0
5808,82,2,16
5809,64,1,7
5810,22,1,16
5811,113,1,0
5812,120,2,14
5813,29,2,16
5814,225,1,5
5815,86,2,4
5816,181,1,3
5817,133,1,12
5818,42,2,3
5819,22,2,17
5820,117,1,26
5821,194,2,19
5822,174,1,14
5823,170,2,8
5824,243,1,4
5825,255,1,2
5826,182,1,3
5827,186,1,13
5828,225,2,10
5829,62,1,28
5830,271,2,18
5831,173,1,6
5832,25,1,20
5833,269,2,17
5834,6,1,23
5835,43,1,25
5836,164,1,11
5837,101,1,25
5838,202,1,8
5839,84,2,18
5840,86,2,22
5841,24,2,17
5842,259,2,17
5843,277,2,0
5844,104,2,7
5845,62,1,25
5846,67,1,17
5847,139,1,24
5848,257,1,21
5849,177,1,9
5850,64,1,5
5851,166,1,14
5852,245,1,1
5853,95,1,0
5854,128,1,7
5855,44,1,24
5856,147,2,20
5857,232,2,10
5858,103,2,24
5859,121,1,8
5860,111,1,10
5861,257,2,6
5862,254,2,13
5863,234,1,18
5864,97,2,8
5865,14,2,15
5866,262,2,27
5867,280,2,18
5868,135,1,15
5869,115,1,8
5870,109,2,1
5871,222,2,12
5872,44,2,1
5873,147,1,21
5874,8,2,18
5875,272,2,28
5876,125,2,26
5877,260,1,20
5878,143,1,3
5879,174,2,27
5880,54,2,14
5881,72,1,9
5882,172,2,5
5883,233,2,25
5884,232,2,8
5885,250,2,2
5886,55,1,2
5887,226,1,13
5888,193,1,4
5889,241,1,18
5890,50,1,21
5891,38,2,25
5892,1,2,16
5893,187,1,14
5894,185,1,2
5895,214,1,16
5896,36,2,8
5897,88,1,3
5898,228,1,22
5899,97,2,26
5900,182,2,4
5901,126,1,12
5902,129,2,1
5903,218,1,0
5904,67,1,16
5905,70,2,9
5906,108,1,7
5907,128,2,4
5908,41,2,13
5909,82,2,11
5910,159,2,9
5911,84,1,12
5912,186,1,21
5913,263,2,21
5914,31,1,27
5915,179,2,7
5916,217,2,17
5917,242,1,14
5918,13,2,9
5919,246,1,1
5920,219,2,6
5921,32,2,2
5922,169,2,23
5923,219,2,28
5924,163,2,25
5925,141,2,1
5926,199,1,10
5927,4,1,19
5928,11,1,28
5929,20,2,2
5930,228,1,16
5931,109,1,4
5932,71,2,27
5933,2,1,12
5934,189,1,24
5935,191,1,15
5936,114,1,18
5937,113,2,16
5938,192,2,15
5939,52,2,9
5940,170,2,17
5941,196,1,18
5942,179,2,4
5943,76,2,2
5944,21,2,5
5945,213,1,17
5946,215,1,8
5947,8,2,9
5948,74,2,10
5949,35,1,11
5950,20,1,25
5951,101,2,0
5952,143,1,16
5953,142,2,15
5954,17,2,19
5955,252,2,9
5956,180,1,2
5957,39,1,25
5958,104,2,22
5959,78,1,6
5960,196,1,26
5961,216,2,15
5962,216,1,7
5963,196,2,1
5964,118,2,16
5965,121,2,17
5966,101,2,19
5967,278,2,21
5968,164,2,8
5969,237,1,25
5970,211,2,16
5971,91,2,21
5972,186,2,4
5973,198,1,15
5974,68,2,10
5975,55,1,24
5976,278,1,12
5977,86,1,13
5978,174,2,21
5979,39,2,23
5980,196,2,20
5981,227,2,18
5982,209,1,9
5983,2,2,13
5984,12,2,22
5985,157,2,26
5986,236,1,19
5987,138,1,16
5988,271,2,2
5989,259,1,0
5990,69,1,4
5991,264,2,25
5992,120,2,21
5993,276,2,9
5994,274,1,12
5995,208,2,20
5996,10,1,18
5997,158,1,23
5998,66,2,22
5999,94,2,6
6000,125,1,4
6001,159,2,9
6002,6,1,10
6003,211,1,2
6004,182,1,0
6005,188,2,2
6006,33,1,8
6007,45,2,3
6008,177,1,25
6009,211,1,11
6010,213,1,14
6011,61,2,1
6012,68,1,15
6013,232,2,6
6014,196,1,13
6015,173,2,11
6016,263,2,27
6017,145,2,13
6018,189,1,17
6019,93,2,6
6020,149,1,21
6021,86,1,3
6022,74,1,25
6023,201,2,22
6024,52,2,8
6025,116,1,17
6026,179,2,3
6027,123,1,13
6028,220,1,0
6029,142,2,2
6030,15,1,0
6031,192,2,4
6032,206,2,5
6033,153,1,4
6034,30,1,1
6035,190,1,13
6036,249,2,22
6037,163,1,20
6038,86,2,4
6039,198,1,15
6040,278,1,1
6041,240,2,7
6042,124,1,13
6043,172,2,22
6044,97,1,2
6045,264,1,11
6046,150,2,20
6047,118,1,13
6048,82,2,3
6049,127,2,27
6050,43,2,0
6051,102,2,22
6052,37,2,12
6053,134,1,7
6054,92,2,22
6055,66,2,9
6056,249,2,23
6057,268,2,5
6058,80,2,2
6059,81,1,10
6060,67,2,22
6061,24,2,23
6062,132,1,2
6063,52,2,11
6064,140,2,19
6065,104,1,26
6066,105,2,26
6067,164,1,27
6068,204,2,5
6069,74,1,26
6070,101,2,0
6071,204,2,24
6072,94,1,19
6073,52,1,22
6074,277,2,12
6075,182,1,17
6076,83,1,28
6077,117,1,12
6078,242,1,14
6079,135,2,4
6080,262,1,5
6081,207,2,20
6082,65,1,26
6083,127,2,9
6084,238,2,11
6085,161,1,8
6086,101,1,4
6087,225,1,25
6088,65,2,14
6089,100,1,9
6090,39,2,5
6091,36,1,16
6092,133,2,6
6093,184,2,2
6094,50,2,27
6095,260,2,24
6096,167,1,21
6097,223,1,0
6098,21,1,0
6099,256,2,2
6100,16,2,20
6101,273,2,19
6102,159,1,1
6103,152,2,26
6104,275,1,22
6105,88,1,2
6106,218,1,16
6107,236,2,28
6108,111,2,9
6109,160,1,13
6110,88,1,20
6111,240,2,17
6112,269,2,24
6113,133,1,23
6114,72,2,16
6115,188,1,14
6116,195,1,28
6117,68,1,27
6118,104,2,21
6119,244,2,6
6120,149,2,27
6121,113,2,27
6122,211,1,12
6123,203,2,26
6124,33,2,14
6125,119,2,1
6126,90,1,4
6127,56,2,21
6128,114,2,16
6129,75,2,2
6130,112,2,25
6131,9,2,25
6132,65,2,1
6133,165,2,22
6134,50,1,7
6135,249,1,22
6136,35,1,19
6137,67,2,3
6138,255,2,14
6139,22,1,24
6140,236,2,20
6141,266,2,17
6142,176,2,2
6143,108,2,3
6144,236,1,7
6145,17,2,19
6146,17,2,17
6147,128,2,17
6148,147,1,21
6149,2,1,10
6150,154,1,23
6151,192,2,6
6152,22,1,15
6153,157,2,6
6154,35,2,10
6155,199,1,14
6156,68,2,18
6157,215,1,8
6158,100,2,17
6159,265,2,20
6160,273,1,27
6161,123,2,16
6162,74,2,24
6163,158,1,22
6164,265,2,27
6165,65,1,8
6166,113,2,3
6167,26,1,3
6168,183,1,14
6169,22,1,27
6170,59,1,11
6171,160,2,23
6172,105,1,14
6173,6,2,24
6174,242,2,23
6175,23,1,15
6176,172,2,6
6177,130,2,26
6178,182,2,12
6179,85,1,2
6180,245,1,4
6181,273,2,6
6182,265,2,5
6183,167,1,18
6184,265,2,28
6185,173,2,24
6186,164,1,10
6187,97,2,0
6188,229,1,26
6189,14,2,4
6190,17,1,3
6191,99,2,26
6192,66,1,18
6193,38,2,22
6194,165,2,27
6195,113,1,5
6196,238,1,20
6197,234,2,0
6198,72,2,15
6199,226,1,1
6200,62,2,26
6201,178,2,4
6202,67,1,11
6203,151,2,22
6204,123,1,0
6205,182,2,24
6206,17,1,14
6207,150,2,13
6208,125,2,26
6209,228,2,1
6210,69,1,18
6211,252,1,18
6212,249,1,18
6213,273,1,11
6214,224,2,9
6215,212,1,1
6216,217,1,20
6217,268,2,28
6218,89,1,25
6219,193,1,9
6220,85,2,4
6221,28,2,22
6222,44,2,25
6223,130,2,3
6224,13,2,9
6225,184,2,17
6226,222,1,28
6227,268,1,21
6228,106,1,18
6229,30,1,24
6230,200,1,11
6231,17,1,16
6232,237,1,4
6233,157,1,17
6234,161,2,9
6235,107,1,12
6236,244,1,3
6237,243,2,6
6238,242,2,5
6239,176,2,4
6240,3,2,12
6241,131,2,4
6242,190,2,7
6243,157,2,3
6244,105,2,3
6245,36,2,2
6246,24,2,24
6247,259,2,19
6248,116,1,10
6249,191,1,20
6250,116,2,13
6251,261,2,27
6252,171,1,7
6253,50,1,25
6254,164,1,9
6255,30,1,4
6256,138,2,7
6257,277,1,4
6258,200,1,7
6259,229,2,17
6260,63,2,17
6261,132,1,8
6262,131,1,4
6263,165,2,10
6264,111,1,23
6265,249,2,19
6266,262,1,14
6267,254,2,4
6268,90,2,26
6269,118,1,16
6270,239,1,8
6271,2,2,9
6272,274,2,16
6273,204,2,11
6274,201,2,15
6275,232,2,23
6276,15,2,14
6277,83,2,14
6278,219,1,24
6279,180,1,4
6280,272,1,3
6281,177,1,16
6282,181,2,6
6283,61,2,6
6284,278,2,15
6285,210,2,16
6286,73,1,0
6287,32,2,5
6288,275,1,1
6289,161,2,20
6290,185,1,23
6291,252,2,7
6292,133,1,20
6293,196,2,4
6294,105,1,10
6295,182,1,9
6296,97,1,22
6297,132,2,23
6298,142,2,25
6299,155,2,27
6300,131,2,9
6301,25,1,10
6302,122,1,18
6303,270,2,1
6304,259,1,23
6305,172,2,1
6306,195,1,21
6307,238,1,21
6308,105,1,17
6309,54,2,20
6310,43,2,27
6311,34,1,18
6312,112,2,10
6313,208,2,12
6314,261,2,9
6315,126,1,19
6316,256,1,12
6317,262,1,1
6318,13,2,2
6319,243,2,13
6320,37,1,6
6321,72,1,7
6322,137,1,1
6323,17,1,1
6324,203,1,12
6325,6,1,22
6326,200,2,23
6327,159,2,25
6328,9,1,10
6329,148,1,8
6330,215,1,26
6331,166,1,2
6332,155,1,26
6333,27,2,11
6334,53,2,26
6335,30,1,17
6336,45,1,17
6337,166,2,27
6338,229,1,23
6339,104,1,18
6340,43,2,17
6341,15,1,18
6342,197,1,18
6343,278,1,10
6344,236,2,23
6345,254,2,15
6346,68,2,7
6347,241,2,23
6348,195,2,18
6349,157,2,5
6350,38,1,22
6351,181,2,14
6352,118,2,11
6353,145,2,15
6354,158,2,3
6355,111,2,15
6356,243,2,6
6357,140,1,5
6358,95,2,1
6359,140,2,11
6360,180,2,7
6361,204,1,24
6362,90,2,7
6363,105,1,19
6364,102,2,0
6365,112,1,10
6366,271,2,5
6367,249,1,28
6368,133,1,0
6369,208,1,7
6370,145,2,10
6371,120,2,16
6372,279,2,13
6373,73,2,8
6374,265,2,26
6375,9,1,9
6376,123,1,16
6377,142,2,17
6378,85,1,7
6379,222,2,27
6380,161,1,4
6381,190,2,11
6382,109,1,12
6383,195,2,28
6384,172,1,7
6385,152,1,8
6386,158,2,19
6387,144,1,0
6388,241,2,14
6389,96,2,20
6390,87,2,22
6391,135,2,4
6392,34,1,14
6393,189,1,27
6394,236,2,20
6395,25,2,28
6396,195,1,8
6397,197,1,1
6398,197,1,19
6399,9,1,20
6400,41,1,2
6401,120,2,11
6402,108,2,14
6403,38,2,16
6404,46,2,0
6405,67,2,14
6406,236,2,15
6407,174,1,0
6408,99,1,7
6409,70,1,27
6410,46,1,10
6411,60,1,10
6412,101,1,16
6413,193,1,17
6414,94,2,22
6415,163,2,17
6416,58,1,20
6417,64,1,13
6418,33,2,5
6419,148,2,26
6420,64,1,4
6421,16,1,22
6422,130,1,13
6423,30,2,8
6424,129,2,11
6425,187,1,12
6426,28,1,7
6427,143,2,12
6428,142,2,7
6429,22,2,12
6430,97,2,9
6431,162,1,28
6432,253,2,11
6433,101,2,4
6434,211,1,22
6435,90,2,24
6436,98,2,18
6437,251,1,27
6438,262,1,28
6439,217,1,8
6440,199,2,11
6441,117,1,22
6442,113,2,14
6443,223,2,8
6444,113,1,26
6445,271,1,25
6446,194,1,9
6447,51,2,5
6448,255,1,19
6449,230,1,25
6450,73,1,13
6451,65,1,0
6452,51,2,0
6453,218,2,21
6454,137,2,16
6455,34,1,24
6456,160,1,17
6457,14,1,21
6458,88,2,11
6459,238,1,16
6460,5,1,14
6461,216,2,14
6462,28,2,26
6463,254,1,23
6464,122,1,3
6465,134,1,3
6466,107,1,27
6467,98,1,13
6468,34,1,21
6469,220,1,0
6470,133,2,22
6471,158,1,9
6472,275,1,2
6473,133,1,9
6474,84,1,11
6475,39,2,20
6476,109,1,5
6477,254,2,5
6478,194,1,10
6479,124,2,21
6480,227,2,23
6481,1,1,12
6482,206,2,23
6483,270,1,21
6484,0,1,17
